,imdb_id,title,year,season,episode,cast
0,1811020,Pilot,2011,1,1,"0000132,0507073,1072555,0362873,1459109,2093138,2838320,0001597,0792177,1041023,0545687,0827561,0785594,4182855,4670464,2360398,1304777,3621333,2267821,1989804,3593658,2019219,0721593,1663252,1846124,1798233,2297989,2061182,3107570,1982532,3922884,2151984,4538534,4427048,3172141,3793378,5896026,3675605,12117879,4107878,4706889,4534144"
1,1988308,Grace,2011,1,2,"0000132,0507073,1072555,0362873,1459109,2093138,2838320,0001597,0545687,0827561,1041023,0362955,0117302,1682276,0113158,2552034,1912879,0571106,2852409,2259661,3997762,2703527,3102099,1479060,4095342,4755608,5648784,6891727,3412484"
2,1988309,Clean Skin,2011,1,3,"0000132,0507073,1072555,0362873,1459109,2093138,2838320,0001597,0545687,0827561,1041023,0640713,1682276,1912879,1859475,1677477,0000451,0113158,2552034,1989804,4042229,2852409,2867765,1621012,3769788,1444999,3407338,4462843,3208915,4065811,4011802,4146228"
3,2011518,Semper I,2011,1,4,"0000132,0507073,1072555,0362873,1459109,2093138,2838320,0001597,0545687,0827561,1041023,0117302,0700909,1859475,1677477,1553955,2661837,1912879,0889725,3750115,4275066,2400762,4465621,3370776,5096199,4707148"
4,2023998,Blind Spot,2011,1,5,"0000132,0507073,1072555,0362873,1459109,2093138,2838320,0001597,0545687,0827561,1041023,0362955,0714310,0958206,1553955,0002004,2852409,2259661,2703527,0465572,3324253,4272893,4758546"
5,2024865,The Good Soldier,2011,1,6,"0000132,0507073,1072555,0362873,1459109,2093138,2838320,0001597,1553955,1859475,1677477,0002004,0881672,0397603,4182855,0578766,0083586,1663252,1117385,3143135,2700452,3797855,4006038,2245175,4765452,4355218,3798907,7206976,5535939,3401303"
6,2043149,The Weekend,2011,1,7,"0000132,0507073,1072555,0362873,1459109,2093138,2838320,0001597,0362955,1553955,1677477,0317035,0315220,1989804,4042229,4372483,2201560,4563188,3807513,4573692"
7,2041952,Achilles Heel,2011,1,8,"0000132,0507073,1072555,0362873,1459109,2093138,2838320,0001597,0700909,0002004,0881991,1879133,4182855,1663252,1553955,1117385,3143135,0267009,1577957,2454294,1151921,0727835,0503063,0308096,3673618,4799052,6854661,1404588,2833080,3676090"
8,2081742,Crossfire,2011,1,9,"0000132,0507073,1072555,0362873,1459109,2093138,2838320,0001597,1663252,1553955,0792177,1041023,4575116,0267009,1577957,1879133,1678543,4789790,0101997,1581778,4549830,4272893,4588250,3427158,4594545,4733389,4589825,3676090,4846380,4621372,5031568"
9,2081741,Representative Brody,2011,1,10,"0000132,0507073,1072555,0362873,1459109,2093138,2838320,0001597,0545687,0792177,0267009,1663252,0206289,0041280,3561942,4799060,3923016,4817386,6206132,3467749,5476869,4742591,2347842"
10,2084389,The Vest,2011,1,11,"0000132,0507073,1072555,0362873,1459109,2093138,2838320,0001597,0362955,0792177,1553955,0714310,0267503,1101469,1266730,0829401,4165891,0876890,1989804,4690180,4817386,1188949,5902842,6408422,4554429,3676090"
11,2084390,Marine One,2011,1,12,"0000132,0507073,1072555,0362873,1459109,2093138,2838320,0001597,0700909,0545687,0792177,0362955,1553955,1663252,1041023,0291830,0683978,1101469,0478439,0253853,0011615,4821180,2244220,1494966,4760737,1143549,2759438,0480961,4821100,4351139,3901966,4823262,3220632,4817386,6206132,4936582,5065185,4774507,4119640,3675605,5192588,3676090,4905544,4997901"
12,2100961,The Smile,2012,2,1,"0000132,0507073,1072555,0362873,1459109,0792177,0545687,1041023,2093138,2838320,0001597,1553955,0362955,0714310,0733196,1395858,1178702,3154303,2087228,2791165,2247348,4025482,1090591,3197155,1578086,3089930,0521416,1404536,2991045,1753888,1328051,5053658,5077767,3924220,4904443,4809858,3559583"
13,2385581,Beirut Is Back,2012,2,2,"0000132,0507073,1072555,0362873,1459109,0792177,0545687,1041023,2093138,2838320,0001597,1553955,1178702,1395858,0733196,0051104,0347375,0683978,0578766,3154303,1090591,3750115,0002756,5309492,3360268,4097720,0521416,6735314,5309167,5309643,5648784,1537825,5065185,1404536"
14,2385583,State of Independence,2012,2,3,"0000132,0507073,1072555,0362873,1459109,0792177,0545687,1041023,2093138,2838320,0001597,1553955,0267503,0714310,0578766,0733196,0051104,2813464,1989804,3750115,4976368,4414128,1676529,5260998,1921971,5331716,5648784,3673618,6034328,3926285"
15,2385585,New Car Smell,2012,2,4,"0000132,0507073,1072555,0362873,1459109,0792177,0545687,1041023,2093138,2838320,0001597,0733196,3154303,0827561,0578766,1670029,1989804,5232729,2802318,2137633,1090591,0855966,0002756,4332791,5794264"
16,2325080,Q&A,2012,2,5,"0000132,0507073,1072555,0362873,1459109,0792177,0545687,1041023,2093138,2838320,0001597,3154303,1553955,1670029,2087228,0855966,2107704,0115394,4217782,2946628,0285705,6034328"
17,2352340,A Gettysburg Address,2012,2,6,"0000132,0507073,1072555,0362873,1459109,0792177,0545687,1041023,2093138,2838320,0001597,1553955,0827561,3154303,0578766,0733196,1715024,0319121,1670029,4521141,1090591,2107704,0463279,5498225,5636323,1188949,5232889,12117879,5126138,5503456"
18,2355180,The Clearing,2012,2,7,"0000132,0507073,1072555,0362873,1459109,0792177,0545687,1041023,2093138,2838320,0001597,0051104,0733196,3154303,0827561,1677477,0278125,0805789,1670029,2740815,2600193,2187749,3075347,2454294"
19,2368314,I'll Fly Away,2012,2,8,"0000132,0507073,1072555,0362873,1459109,0792177,0545687,1041023,2093138,2838320,0001597,1715024,0733196,0827561,4521141,1670029,1151921,3891825"
20,2368332,Two Hats,2012,2,9,"0000132,0507073,1072555,0362873,1459109,0792177,0545687,1041023,2093138,2838320,0001597,0000719,0733196,1715024,0827561,4427331,1395858,1670029,3318498,1581591,2679713,2252761,1817344,6002558,5249570"
21,2408792,Broken Hearts,2012,2,10,"0000132,0507073,1072555,0362873,1459109,0792177,0545687,1041023,2093138,2838320,0001597,0000719,1395858,1553955,3154303,0083969,1670029,3463736,5388664,0551849,1093988"
22,2408796,In Memoriam,2012,2,11,"0000132,0507073,1072555,0362873,1459109,0792177,0545687,1041023,2093138,2838320,0001597,1553955,0733196,0881672,0446257,1395858,1670029,0636094,2532096,0587238,1151921,3778118,2611656,5271848,6626203,3060633"
23,2408794,The Choice,2012,2,12,"0000132,0507073,1072555,0362873,1459109,0792177,0545687,1041023,2093138,2838320,0001597,0051104,3154303,0002004,1577957,0137121,0009530,0574807,1670029,4821100,2955388,1821307,1129603,4492604,5209410,5618545,5648784,6407691,5464527,6491758,4949575,6626203,6508234"
24,2473824,Tin Man Is Down,2013,3,1,"0000132,0507073,1670029,1072555,2093138,2838320,0002004,0504832,0000719,0001597,0714310,0347375,3862996,0607920,0050959,1675596,0165733,0581008,1634727,3860085,4424140,2584077,1296340,1649096,5981847,5981848,5647158,3380602,5648784,6071835,5535767,5470854,3371955,6891727,5848230,7188604,5136383,7510789,3066502,5126138,5955185,12146943,4583162"
25,2916284,Uh...Oo...Aw,2013,3,2,"0000132,0507073,1670029,1072555,2093138,2838320,0002004,0504832,0000719,0001597,0714310,0362955,3862996,2258164,0048379,1675596,0628242,1934381,0894599,1168843,3867385,0761661,3289599,2438151,1988037,0123148,6133064,6592017,5927985,6016739,6048284,7510789,5999379,5655358,4573692"
26,2916290,Tower of David,2013,3,3,"0000132,0507073,1670029,1072555,2093138,2838320,0002004,0504832,0000719,0001597,0774156,0673563,0306357,0217529,0213482,2477681,0124798,5667034,0647210,2164916,2084517,1819579,2397074,5677013,0894599,4573692"
27,2916300,Game On,2013,3,4,"0000132,0507073,1670029,1072555,2093138,2838320,0002004,0504832,0000719,0001597,1459109,0545687,0714310,0124798,0233027,2258164,3862996,0213482,1984556,0285046,0774156,2477681,1675596,3087511,1649096,0171078,3804165,0697268,1197250,1043479,0211603,2954878,1927425,1981149,1308927,1168843,1222288,6283429,6514691,5848230,7510789,5249570,4573692,3155168"
28,2916302,The Yoga Play,2013,3,5,"0000132,0507073,1670029,1072555,2093138,2838320,0002004,0504832,0000719,0001597,0032040,0545687,0827561,3862996,0869467,1577957,1156818,0006669,1456554,2363681,0727293,4179849,0517028,2650617,0036646,0821305,1273227,4793906,5879466,6047423"
29,2916304,Still Positive,2013,3,6,"0000132,0507073,1670029,1072555,2093138,2838320,0002004,0504832,0000719,0001597,0032040,0827561,2258164,0869467,0231918,1485983,3712840,1456554,2363681,0697354,6254897,5648784"
30,2916308,Gerontion,2013,3,7,"0000132,0507073,1670029,1072555,2093138,2838320,0002004,0504832,0000719,0001597,0424800,2258164,0869467,1156818,0410029,0231918,1654820,0282436,1456554,6769203"
31,2916310,A Red Wheel Barrow,2013,3,8,"0000132,0507073,1670029,1072555,2093138,2838320,0002004,0504832,0000719,0001597,0446257,0347375,1156818,2258164,0233027,0124798,0006669,0768558,0673563,0156461,1258648,3397934,1885015,5879466,1475165,2016003,5667034"
32,2916312,One Last Thing,2013,3,9,"0000132,0507073,1670029,1072555,2093138,2838320,0002004,0504832,0000719,0001597,0545687,0347375,0827561,1334507,1983393,2390533,1272578,1156818,1663252,1041023,5984134,0853024,3208915"
33,2916314,Good Night,2013,3,10,"0000132,0507073,1670029,1072555,2093138,2838320,0002004,0504832,0000719,0001597,2258164,0347375,0006669,0869467,1334507,1983393,2390533,1272578,0102905,10585407,0767068,1281943,1296340,6127740,5399191,1820987,6010320,4149578,5154754,6769203,4594545,4846380"
34,2916316,Big Man in Tehran,2013,3,11,"0000132,0507073,1670029,1072555,2093138,2838320,0002004,0504832,0000719,0001597,1156818,0869467,0205795,0869791,0786831,4096895,2063731,4672387,1338428,6140310,1152574,6140311,6140312,6140313,5350082,6140314,2533361,6140315,4284957,6140316"
35,2916318,The Star,2013,3,12,"0000132,0507073,1670029,1072555,2093138,2838320,0002004,0504832,0000719,0001597,0347375,0869467,0205795,0869791,0714310,0362955,5984134,4821100,2818417,4284957,6152724,4443538,4823262,5535767,6592017,5927536,6172972,6048284,3066502,5126138,5249570"
36,3284012,The Drone Queen,2014,4,1,"0000132,1670029,2258164,0732309,0504832,0001597,4139037,0362955,0002004,1246448,0820520,4289673,4256179,1015684,3010926,2796811,2033429,6820490,6773159,5513197,2372096,6820491,6820814"
37,3505184,Trylon and Perisphere,2014,4,2,"0000132,1670029,2258164,0732309,0504832,0001597,4139037,0362955,0324134,4668965,4289673,4256179,0000719,6820536,5953245,2054759,2107972,6820537,6820538,4863166,0893228,6598357,3116102,0421252,3088787"
38,3505188,Shalwar Kameez,2014,4,3,"0000132,1670029,2258164,0732309,0504832,0001597,4139037,0001574,0827561,4668965,1130991,0000719,0708993,0095930,4211367,2648601,0125089,6837344,3093375,6837345,6837346,4479052,3116102,1015684"
39,3505186,Iron in the Fire,2014,4,4,"0000132,1670029,2258164,0732309,0504832,0001597,4139037,0001574,0608601,0827561,1203005,1909661,0539562,1485637,4256179,2530058,1002599,2054759,3116102,6922784,6199520,6870138"
40,3505192,About a Boy,2014,4,5,"0000132,1670029,2258164,0732309,0504832,0001597,4139037,0001574,0608601,1203005,1909661,2530058,3116102,6199520,6811926,6870137,0075542,6870138"
41,3921048,From A to B and Back Again,2014,4,6,"0000132,1670029,2258164,0732309,0504832,0001597,4139037,0001574,0608601,0827561,1485637,1909661,4256179,0095930,6199520,2530058,0969998,5142840,3018903,2372096,6885973,5609560"
42,3977324,Redux,2014,4,7,"0000132,1670029,2258164,0732309,0504832,0001597,0001574,1485637,0827561,1203005,0608601,1909661,0539562,4256179,1246448,0507073,4211367,6581506,8334743,5513330,6902608,3688478,2874859,5609560,6902610,6902611,3018903,2127619,3116102"
43,3990534,Halfway to a Donut,2014,4,8,"0000132,1670029,2258164,0732309,0504832,0001597,0608601,1203005,1909661,0001574,1485637,0539562,6922832,1951216,4007984,3018903,0792780"
44,4023224,There's Something Else Going On,2014,4,9,"0000132,1670029,2258164,0732309,0504832,0001597,0002004,0608601,0001574,1909661,0539562,1203005,1246448,1485637,0095930,4885148,5142840,5243552,1340386,1193091,6934837,6934838,2882399"
45,3984158,13 Hours in Islamabad,2014,4,10,"0000132,1670029,2258164,0732309,0504832,0001597,1485637,0608601,1909661,1203005,0827561,0001574,0095930,2530058,3116102,4262886,3995281,4885148,6965821,6965822,5073487,6965823,2372096,3797176,4912432"
46,3960094,Krieg Nicht Lieb,2014,4,11,"0000132,1670029,0732309,0504832,0001597,1203005,0827561,0396125,4256179,1485637,1909661,0362955,4289673,0000719,4211367,0653268,3022996,6979592,0792780,5209767,2533407,3018903,4139037"
47,3952170,Long Time Coming,2014,4,12,"0000132,1670029,0732309,0504832,0001597,0164594,0362955,0002004,1909661,0315288,0566106,0000719,0616604,2786608,2592022,7006111,6820536,5953245,6820538,7763455"
48,4190442,Separation Anxiety,2015,5,1,"0000132,1670029,0462407,0001584,2356421,4706451,0000719,0001597,0396125,4696667,5907963,1275916,0315288,7631545,7631546,1745190,1871313,0943487,1502269,0544801,0771665,3072577,0688351,0476508,2390252,9870819,2526820,6363181"
49,4791472,The Tradition of Hospitality,2015,5,2,"0000132,1670029,0462407,0001584,2356421,4706451,0000719,0001597,0396125,1246448,4696667,5907963,0066586,1998494,1492213,4083737,0503033,0006618,0551703,6216987,1389891,0007818,1742459,5801924,3472836,1986808,7647907,2526820,6363181"
50,4847018,Super Powers,2015,5,3,"0000132,1670029,0462407,0001584,2356421,4706451,0000719,0001597,4139037,0396125,4696667,5907963,0179680,1275916,0608632,0630496,7631545,7631546,4533391,7164522,1090576,0441003,3072577,5742097,0191668,0897371"
51,4840674,Why Is This Night Different?,2015,5,4,"0000132,1670029,0462407,0001584,2356421,4706451,0000719,0001597,4696667,5907963,0179680,0411980,0620981,4800849,1492000,0252677,2686957,0379245,7685031,1197069,1670628,0959040,3507110,2521682"
52,4847022,Better Call Saul,2015,5,5,"0000132,1670029,0462407,0001584,2356421,4706451,0000719,0001597,0396125,4696667,0179680,0411980,0630496,0090674,0776009,0623854,3489831,6444766,7703162,7703163,5085828,5638494,0379245,10083350"
53,4847026,Parabiosis,2015,5,6,"0000132,1670029,0462407,0001584,2356421,4706451,0000719,0001597,1275916,1035548,0581711,0648339,0623854,1742459,1057020,4509417,5922902,0060986,1895578,3422493,1257255,6909602,3063648,7722533"
54,4847030,Oriole,2015,5,7,"0000132,1670029,0462407,0001584,2356421,4706451,0000719,0001597,4696667,0411980,1035548,0179680,3716229,0403374,0648339,0787430,4509417,6068212,0071330,3063648,4496659,1036127"
55,4847038,All About Allison,2015,5,8,"0000132,1670029,0462407,0001584,2356421,4706451,0000719,0001597,4696667,0411980,1035548,0179680,1275916,0403374,1025983,0787430,2739673,4509417,3063648,0718030,7727232,10072606"
56,4847040,The Litvinov Ruse,2015,5,9,"0000132,1670029,0462407,0001584,2356421,4706451,0000719,0001597,0396125,0411980,1035548,0179680,1544603,0943487,1389891,2173206,6692442,0881992,0296291,2719140,1519536,3063648,4509417,4496659,3610250"
57,4847044,New Normal,2015,5,10,"0000132,1670029,0462407,0001584,2356421,4706451,0000719,0001597,0396125,0411980,1035548,0315288,0648339,4509417,0943487,1389891,3063648,0244225,4496659,3610250,3422493,9591169,6363181"
58,4847046,Our Man in Damascus,2015,5,11,"0000132,1670029,0462407,0001584,2356421,4706451,0000719,0001597,4696667,0396125,1035548,0085952,1544603,5317094,0648339,4509417,1745190,0943487,0244225,1389891,0623854,3063648,3610250,1070602,6409102,0551703,1186574,1882618,6741625,1519536,1682793,0458486,7788517,1112861,5480325,2354199,0136563"
59,4626230,A False Glimmer,2015,5,12,"0000132,1670029,0462407,0001584,2356421,4706451,0000719,0001597,4696667,0411980,1035548,0396125,0085952,1275916,5317094,1389891,1519536,3610250,0551703,3063648,2056274,0065237,1002721,0118108,1433005,2526820"
60,5261748,Fair Game,2016,6,1,"0000132,1670029,0555500,0000719,0001597,0004991,0460694,1047883,1150775,2739673,1052657,3402769,6569232,7966641,1283912,1551040,3203322,0462407,8465001,8465003,0403675,3734419,1347813,2713485,2837846,8340701,6186850,0873265,1428828,6380206,6641260,2082577,2378642,1510424,6131438,5382258,3886428,7457303"
61,5314806,The Man in the Basement,2017,6,2,"0000132,1670029,0555500,0000719,0001597,0827561,0004991,1047883,1150775,1225590,1052657,3402769,6569232,7966641,8465001,8465003,0873265,5382258,2625582,1989616,2917195,3301133,7457303,7439016"
62,5314802,The Covenant,2017,6,3,"0000132,1670029,0555500,0000719,0001597,0004991,1047883,1150775,1225590,3402769,0924502,0030751,1551040,2739673,0434845,3203322,8050260,7966641,1071397,8465001,8465003,8340701,4475248,5432789,6460895,4593597,7457303,7481234"
63,5314810,A Flash of Light,2017,6,4,"0000132,1670029,0555500,0000719,0001597,0004991,0179680,1150775,1225590,3402769,0030751,1052657,6569232,1071397,0725731,0869467,8465001,8465003,4749339,7468200,2456652,4593597,4869222,3456147,1152695,7469940,7481234"
64,5314818,Casus Belli,2017,6,5,"0000132,1670029,0555500,0000719,0001597,0004991,1150775,1047883,0916617,0434845,0373410,1052657,6569232,1071397,0091931,0092947,0673496,0403675,3680266,6228976,8465001,8465003,3401489,1121459,0874287,6517139,6791359"
65,5314816,The Return,2017,6,6,"0000132,1670029,0555500,0000719,0001597,0827561,0004991,1047883,1225590,0001797,0373410,0197638,7966641,1119187,1071397,0349749,5388215,0558126,0396125,8465001,8465003,1989257,0348669,2721616,3042065,1979499,3600921,4966008,3269561,6163659,2717593,1321755,2876353,3859401,4388566"
66,5314822,Imminent Risk,2017,6,7,"0000132,1670029,0555500,0000719,0001597,0827561,1150775,1225590,0460694,0385792,0924502,0044318,1119187,0705386,0144232,5263035,1029834,0396125,0869467,2768526,5100202,3205673,1122126,2227760,11631530,8552683,1769290,5673870"
67,5314830,alt.truth,2017,6,8,"0000132,1670029,0555500,0000719,0001597,0827561,0004991,1225590,0916617,1071397,2421211,2057434,0396125,0869467,8465001,8465003,0546671,2599948,0294043,2803528,2080619,0935200,7171099,3491108,7481234,0894886,2450269"
68,5314824,Sock Puppets,2017,6,9,"0000132,1670029,0555500,0000719,0001597,0827561,0004991,1225590,0916617,0861513,1119187,0924502,0012049,1963860,0396125,0869467,1979499,0062389,0063504,0111161,1286074,2963206,4790168,8851476,10666534,6798341,6430567"
69,5314826,The Flag House,2017,6,10,"0000132,1670029,0555500,0000719,0001597,0827561,0004991,0002004,1225590,0916617,0460694,0385792,1071397,0861513,1551040,3520615,0862820,1130969,1963860,2410458,8465001,8465003,1979499,5424822,8897964,2591964,7703592,6470368,7055569,2829750,1368484,8907937,4145807,3218344,4256280,8440354,2057434,1769290,7457303,6430567,10219384"
70,5314832,R Is for Romeo,2017,6,11,"0000132,1670029,0555500,0000719,0001597,0827561,0004991,1225590,0916617,0861513,1071397,2410458,0444999,2876353,1321755,2082577,5111000,8176543,6971628,7399976,7482965,7457303,6791359,1310676,8743712,7481234"
71,5314828,America First,2017,6,12,"0000132,1670029,0555500,0000719,0001597,0827561,0004991,0916617,0460694,0730070,1071397,1283912,0315288,0143779,0385792,0144232,4708246,5424822,8897964,2244220,1214463,2431167,5509625,5628703,3265939,4670418,7775566,8945060,7482965,5153262,7774584,9371940,8754341,4908103,9319158,7481234,7111988,0882169"
72,5959082,Enemy of the State,2018,7,1,"0000132,0555500,0827561,0730070,0916617,1767528,0001597,0362955,0460694,0048414,2436248,0040015,4476924,0546671,8465001,8465003,1694797,0146304,2474245,0280801,1421361,3708830,4191492,1366703,5654154,2830996,4265273,5379079,4388560,4209644,5806306,0588077,7111794,6094560,5574211,3540801,8596925,5494991,7476062,8149479,4527107,4722707,9312937,4927268,5847133,5087085,0629691,6592288,9288134,7414590,3134181,7253684,2092563,4904423,9292306,9084209"
73,7319318,Rebel Rebel,2018,7,2,"0000132,0555500,0827561,0730070,0916617,1767528,0001597,0362955,0002142,0785854,0048414,0415529,0040015,0546671,4476924,1296223,2410458,0742381,8961313,8465001,8465003,3708830,1621965,1529617,1669654,3336310,8388361,5574211,5494991,8527347,3414045,4722707,6721767,9351686,11492190,9589558,2830996,7652362,6152879"
74,7367134,Standoff,2018,7,3,"0000132,0555500,0730070,0916617,1767528,0001597,0362955,0002142,0785854,0499791,0415529,0546671,0843077,1296223,8961313,3552380,5573827,1346346,1836650,8388361,5164943,5574211,5494991,7435337,5712622,5847133,4177249,11290036"
75,7367140,Like Bad at Things,2018,7,4,"0000132,0555500,0827561,0730070,0916617,1767528,0001597,0362955,0785854,1296223,8961313,3109337,2687923,1830626,5573827,8465001,8465003,1621965,2948426,1346346,2222303,4291609,4476887,2079627,0753077,2621272,1787808,7111794,2721613,8388361,5574211,5494991,3591221,11652629,8578499,5712622,12071730,11290036,9003475"
76,7386406,Active Measures,2018,7,5,"0000132,0555500,0827561,0730070,0916617,1767528,0001597,0195439,0411980,0002142,2425789,0642104,0742381,2789722,0071680,1406557,0148965,1621965,2636080,2405544,6592288,3621333,8395986,1157205,4694108,3997016,3869908,4629556,7149368,3667005,5574211,5494991,4527107,7530629,4927268,11492190,1705852,7760056,9084209,9589558,9003475"
77,7386408,Species Jump,2018,7,6,"0000132,0555500,0827561,0730070,1767528,0001597,0195439,0048414,0411980,2687923,0002142,2436248,0193160,0114430,2789722,4476924,1289484,0071680,1406557,8465001,8465003,0496980,2457760,0663511,1339237,9706711,7153885,8683305,6595387,7031515,1615536,10303476,5494991,0250284,1114317,1845600,8188666,7463009,9612902,9084209,9226499"
78,7386416,Andante,2018,7,7,"0000132,0555500,0827561,0730070,1767528,0001597,0195439,0362955,0193160,2410458,0499791,0040015,2789722,0071680,1406557,0114430,4476924,1631311,0303792,0000977,8465001,8465003,1304777,1128418,5927797,1366703,8269196,9548153,5645633,5314092,5494991,0250284,9532503,4527107,10043988,7399693,9948088,5847133,11034322,9511371,6152879,8669028"
79,7386420,"Lies, Amplifiers, Fucking Twitter",2018,7,8,"0000132,0555500,0827561,0730070,1767528,0001597,0362955,0048414,2687923,0002142,0193160,0114430,0059946,9740912,1289484,0040015,8465001,8465003,0496980,2052217,3384278,5767652,7315121,4230455,9352625,2386140,5865598,4157452,5927797,0250284,5178876,11652629,11492190,3811786,6152879"
80,7386422,Useful Idiot,2018,7,9,"0000132,0555500,0827561,0730070,1767528,0001597,0048414,2687923,0002142,2436248,0193160,0114430,0040015,0632457,0906640,1661249,8465001,8465003,0790798,0109202,2001974,2930502,2366339,6220255,1485637,7111794,7772596,7453146,11575236,0250284,6675174,1670029,7165388,9642456,2386829,7315121,5469471,4139037"
81,7319320,Clarity,2018,7,10,"0000132,0555500,0730070,0001597,0195439,0362955,0048414,0193160,3166754,0267432,0415529,0040015,4476924,0949433,0385792,1631311,0769949,0000977,8465001,8465003,2010301,5056304,1407651,0790798,0577183,1740029,9774080,7686207,7324582,5472893,0250284,6675174,2782855,2386829,6918916,3414045,5469471,7997686,8321133,9128052,9511371"
82,7319316,All In,2018,7,11,"0000132,0555500,0827561,0730070,0001597,0195439,0048414,2687923,0193160,0059946,0002142,0114430,2436248,0632457,1406557,0071680,0949433,1296172,0000977,0000719,2405544,9789616,1787808,1987551,2419609,5869802,10217802,8596925,5494991,8482036,7835945"
83,7126668,Paean to the People,2018,7,12,"0000132,0555500,0827561,0730070,0001597,0195439,0048414,2687923,0002142,2436248,0193160,0682762,0059946,0632457,0071680,1406557,0949433,0114430,5302154,1682390,0000977,2095801,1787808,1573836,2419609,0455077,7912305,1566294,2254820,5587462,8269196,4872335,7111794,5179553,4342121,9034682,5494991,9644012,1759118,9646413,9822792,6402519,9288134,7977437,0729208,8321133,4142912,10554342,6912417,6443305"
84,5959084,Deception Indicated,2020,8,1,"0000132,0827561,2687923,1909661,0001597,0049235,0347375,3342825,1554516,3713720,6393332,8432809,5955396,8367861,4525965,0539616,0390020,0402408,1306019,1181015,0290693,4571449,0145316,0657794,5304098,11339498,7233760,1528035,3666361,2451585,2688361,4752925,9308578,2474630"
85,8355876,Catch and Release,2020,8,2,"0000132,0827561,2687923,1909661,1485637,0001597,0049235,3342825,0539562,0347375,1554516,3713720,8432809,6393332,4525965,4775978,5228385,1272578,1181015,4593082,4571449,2474630,11355021,3119593,4506811"
86,8355878,False Friends,2020,8,3,"0000132,0827561,2687923,0730070,1909661,1485637,0001597,0870794,2799427,3342825,1554516,3713720,6393332,8432809,4525965,11373398,0497247,0000977,10697283"
87,8355882,Chalk One Up,2020,8,4,"0000132,0827561,2687923,0730070,1909661,0001597,0049235,0870794,0347375,1554516,3713720,8432809,3342825,6393332,5955396,4775978,7814621,0785352,0497247,1181015,0539332,1828128,0000977,4752925,2164099,3533709,3475407,2090484,2789605,1424285,6353637,7093533,1830016"
88,8355884,Chalk Two Down,2020,8,5,"0000132,0827561,0730070,1909661,1485637,0001597,0049235,0870794,0347375,3342825,1554516,3713720,6393332,8432809,5955396,0785352,11373398,0497247,0539332,1828128,3004787,1181015,3115752,2860410,5820284,2789605,4561688,9402376,11407272,5559283,11407273,4402227,2215706,9469338"
89,8355888,Two Minutes,2020,8,6,"0000132,0827561,2687923,0730070,1485637,0001597,0049235,0870794,0347375,1554516,3342825,4525965,0785352,11373398,2860410,3537966,1648016,3204288,6534002,11423580,8268945,11422289,1845364,4919149,4596908"
90,8355890,F**ker Shot Me,2020,8,7,"0000132,0827561,2687923,0730070,1909661,1485637,0001597,0049235,0870794,0539562,0347375,0123632,3342825,1554516,2799427,1828128,2860410,3717148,3537966,0578596,0199215,9839918,6728197,5432789"
91,8355892,Threnody(s),2020,8,8,"0000132,0827561,2687923,0730070,1485637,0001597,0049235,0870794,0347375,1554516,3342825,2799427,11373398,3614878,6228976,2860410,0199215,0361866,7684810,1270268,4932562,5559283,6728197,5432789"
92,8355894,In Full Flight,2020,8,9,"0000132,2687923,0730070,1909661,0001597,0870794,0347375,0539562,1554516,3342825,2799427,4525965,11373398,0760235,0059779,2271000,6210705,0199215,4681631,1874359,5432789,6728197,6348417,3712543,8331597"
93,8355896,Designated Driver,2020,8,10,"0000132,2687923,0730070,0001597,0870794,1554516,3342825,4525965,8367861,2799427,11373398,3204288,0059946,5820284,1589782,0199215,6348417,7232672,10808931,9988491"
94,8355898,The English Teacher,2020,8,11,"0000132,2687923,0730070,1909661,0001597,0347375,0870794,0061777,0005399,3342825,3204288,0059946,2029984,0632457,0621849,0611483,0257187,0167139,0199215,3861569,1259214,3531928,1484297,1188508,7100063,12723317"
95,7126670,Prisoners of War,2020,8,12,"0000132,2687923,0730070,1909661,0001597,0362955,0347375,0870794,0030751,2029984,0632457,0611483,2184310,3902747,0095960,0512455,3126001,0199215,0703945,2492318,11530247,2920193,7428736,5241466,1622681,1783154,0507073,3276688,2215706,0649244,11045934,5572701,2338656"
96,606035,Pilot,2004,1,1,"0491402,0249046,0004898,0000494,0607185,0817980,0000677,0014803,0788907,1185639,1763041,1745653,1985784,1986683,0161419,1147686,1248394,1995155,5099286,3901593,1062656,2102635,0860226,1482750"
97,606034,Paternity,2004,1,2,"0491402,0249046,0004898,0000494,0607185,0817980,1310709,0859450,0311092,0804923,0168186,0304649,1775107,5099286,1754224"
98,606033,Occam's Razor,2004,1,3,"0491402,0249046,0004898,0000494,0607185,0817980,0954225,0005490,0697650,0169917,1667265,0835725,2285632,2118459,1552879,1305105,5099286,2327565"
99,606030,Maternity,2004,1,4,"0491402,0249046,0004898,0000494,0607185,0817980,0139936,0123102,0930317,0550358,0159017,0158846,0663476,0870794,0035688,0677399,1535594,2073314,1238295,1667361,1813687,5099286,1754224"
100,606018,Damned If You Do,2004,1,5,"0491402,0249046,0004898,0000494,0607185,0817980,0593310,0421087,0559977,0738562,0235652,0171227,1053322,2002173,5099286"
101,606045,The Socratic Method,2004,1,6,"0491402,0249046,0004898,0000494,0607185,0817980,0250368,0385391,0260956,0698763,0248913,0615730,0891960,0250169,1914988,1911406,1821138,5099286,0932077"
102,606022,Fidelity,2004,1,7,"0491402,0249046,0004898,0000494,0607185,0817980,0700712,0188041,0254392,0285569,0523825,0401352,1987993,5099286"
103,606036,Poison,2005,1,8,"0491402,0249046,0004898,0000494,0607185,0817980,0366509,0024511,0298281,0586994,0755968,0004309,0490560,0910972,1821254,0932077,1821252,1217057,1876274,5099286"
104,606016,DNR,2005,1,9,"0491402,0249046,0004898,0000494,0607185,0817980,0502015,0916050,0823563,0706838,0404663,0643273,0175633,0005275,1820970,1136435,0397243,0801712,1667361,5099286,1853179"
105,606025,Histories,2005,1,10,"0491402,0249046,0004898,0000494,0607185,0817980,0394012,0164868,1703159,0244097,1756649,0828863,0285890,1126714,1112558,1635154,1821138,0733162,0804459,1821288,1821008,5099286,11995583"
106,606020,Detox,2005,1,11,"0491402,0249046,0004898,0000494,0607185,0817980,0362862,0194900,1086543,0324070,1667265,1760388,0605682,5099286"
107,606041,Sports Medicine,2005,1,12,"0491402,0249046,0004898,0000494,0607185,0817980,0004930,0005243,0480869,0724757,0001741,0573934,1853179,0005587,1476944,2151827,5099286"
108,606015,Cursed,2005,1,13,"0491402,0249046,0004898,0000494,0607185,0817980,0004801,0585429,1273708,0754512,0000872,0070529,1853166,0909668,1708199,0665620,5099286"
109,606014,Control,2005,1,14,"0491402,0249046,0004898,0000494,0607185,0817980,1020124,1007554,0051930,0095960,0674052,0564277,1237219,0588678,0431645,1477942,1866725,5099286,0580606,0871208"
110,606031,Mob Rules,2005,1,15,"0491402,0249046,0004898,0000494,0607185,0817980,0001572,0852668,0121652,0871208,0564277,0172333,1752080,5099286"
111,606024,Heavy,2005,1,16,"0491402,0249046,0004898,0000494,0607185,0817980,0262193,1259832,0972127,0290632,0323611,0564277,0485215,1468936,1851099,1728329,1869476,1862546,1216387,5099286"
112,606037,Role Model,2005,1,17,"0491402,0249046,0004898,0000494,0607185,0817980,0608012,0187811,0564277,0646821,0440066,0075061,1892588,5099286"
113,606013,Babies & Bathwater,2005,1,18,"0491402,0249046,0004898,0000494,0607185,0817980,0385792,0329640,1807689,0789894,0674052,0158846,0564277,1295834,0675278,0131807,0108861,0783343,0114855,1214507,2472985,5099286"
114,606028,Kids,2005,1,19,"0491402,0249046,0004898,0000494,0607185,0817980,0565858,1596073,0372191,1634958,0476378,0892956,0566084,1620703,0354810,1046808,1026376,0089200,1117689,1272826,1909522,1914219,5099286,2101373"
115,606029,Love Hurts,2005,1,20,"0491402,0249046,0004898,0000494,0607185,0817980,0158626,0184965,0540164,0820053,0949775,0839287,0935955,0892956,0336335,1667265,0460753,5099286"
116,606046,Three Stories,2005,1,21,"0491402,0249046,0004898,0000494,0607185,0817980,0000688,0082169,0005080,0958430,0109785,0892956,0768299,0001182,0264268,1752080,0075061,0302500,5099286,2649909,2080920"
117,606043,Honeymoon,2005,1,22,"0491402,0249046,0004898,0000494,0607185,0817980,0000688,0333982,1835509,1233084,5099286"
118,606011,Acceptance,2005,2,1,"0491402,0249046,0004898,0000494,0607185,0817980,0000688,0068382,0807700,0424684,1296458,0005112,1739978,1943914,1907607,2013731,0205645,0226350,1054198,2006513,5099286,2188252"
119,606012,Autopsy,2005,2,2,"0491402,0249046,0004898,0000494,0607185,0817980,1199888,1725377,1320827,0892956,1666942,0428264,1014366,0391313,0292167,5099286,3110886"
120,606026,Humpty Dumpty,2005,2,3,"0491402,0249046,0004898,0000494,0607185,0817980,0000688,1579445,0732455,0043144,1638333,5099286"
121,606042,TB or Not TB,2005,2,4,"0491402,0249046,0004898,0000494,0607185,0817980,0515296,0070541,0918015,0926934,0697659,1553778,2065418,5099286"
122,606017,Daddy's Boy,2005,2,5,"0491402,0249046,0004898,0000494,0607185,0817980,0694066,0788370,0395078,0000832,0000388,0571578,0424647,0380943,2061003,0169259,0075061,5099286"
123,606040,Spin,2005,2,6,"0491402,0249046,0004898,0000494,0607185,0817980,0000688,0333982,0005513,0501937,0378245,1119340,0969728,0306906,0469124,0703899,0470941,2075401,5099286,2399497"
124,606027,Hunting,2005,2,7,"0491402,0249046,0004898,0000494,0607185,0817980,0000688,0333982,0035826,0369567,0593381,5099286"
125,606044,The Mistake,2005,2,8,"0491402,0249046,0004898,0000494,0607185,0817980,0000688,0403652,0807278,0748270,0478547,0935735,0892956,1767820,1442940,1821288,1744948,0790444,1869029,1440899,0188027,5099286"
126,606019,Deception,2005,2,9,"0491402,0249046,0004898,0000494,0607185,0817980,0633223,1787917,1394335,0996735,1982425,0919304,0110072,0007850,5099286,0612098"
127,606021,Failure to Communicate,2006,2,10,"0491402,0249046,0004898,0000494,0607185,0817980,0000688,0448252,0319826,0294050,0001574,2075265,0030864,2107937,1648267,5099286"
128,606032,Need to Know,2006,2,11,"0491402,0249046,0004898,0000494,0607185,0817980,0000688,0333982,0449687,1102577,0000689,2002173,1378393,5099286"
129,606023,Distractions,2006,2,12,"0491402,0249046,0004898,0000494,0607185,0817980,0201574,0184086,0124873,1851040,0892956,0581613,1638107,0360549,1853154,5099286"
130,606039,Skin Deep,2006,2,13,"0491402,0249046,0004898,0000494,0607185,0817980,0894225,0724460,0003069,0892956,1388719,0008651,0992221,5099286,1687798,0584395"
131,606038,Sex Kills,2006,2,14,"0491402,0249046,0004898,0000494,0607185,0817980,0342399,0005325,0123951,0674052,1304328,0381606,0666551,0333402,0174854,1740404,0679531,1483968,0075061,1378393,1076606,5099286,1800293,2182574"
132,763992,Clueless,2006,2,15,"0491402,0249046,0004898,0000494,0607185,0817980,0000526,0589976,0083573,0258632,0034976,5099286"
133,774238,Safe,2006,2,16,"0491402,0249046,0004898,0000494,0607185,0817980,0005502,0004995,1416330,0346411,5099286,0000071"
134,774235,All In,2006,2,17,"0491402,0249046,0004898,0000494,0607185,0817980,0020751,0040015,2200528,0260956,0365768,0066072,2204472,5099286"
135,765624,Sleeping Dogs Lie,2006,2,18,"0491402,0249046,0004898,0000494,0607185,0817980,1724323,0757993,1788146,0516279,1484297,0166106,5099286"
136,774237,House vs. God,2006,2,19,"0491402,0249046,0004898,0000494,0607185,0817980,0215281,0001411,0105860,2244360,1308881,2037888,0551159,0737264,1076606,5099286,2803524"
137,774236,Euphoria: Part 1,2006,2,20,"0491402,0249046,0004898,0000494,0607185,0817980,0132843,0216996,1282700,1851071,1742300,0454539,5099286"
138,799143,Euphoria: Part 2,2006,2,21,"0491402,0249046,0004898,0000494,0607185,0817980,0001165,0132843,0048687,2237803,5099286"
139,777001,Forever,2006,2,22,"0491402,0249046,0004898,0000494,0607185,0817980,0661164,0875765,0507839,1821288,1900122,1525039,2306491,5099286"
140,784412,Who's Your Daddy?,2006,2,23,"0491402,0249046,0004898,0000494,0607185,0817980,0000665,1632532,1542291,1760388,1787543,2111007,1806790,5099286"
141,787373,No Reason,2006,2,24,"0491402,0249046,0004898,0000494,0607185,0817980,0000480,0167342,0848182,1575921,0075061,1076606,2678947,5099286"
142,828219,Meaning,2006,3,1,"0491402,0249046,0004898,0000494,0607185,0817980,0000599,1334396,0004456,0249962,1666942,2090976,0075061,8691681,6858425,5099286,0722345"
143,834714,Cane and Able,2006,3,2,"0491402,0249046,0004898,0000494,0607185,0817980,0498247,1711114,0810964,0249962,0892956,0075061,5099286"
144,834715,Informed Consent,2006,3,3,"0491402,0249046,0004898,0000494,0607185,0817980,0001297,1015262,0892956,0153316,0075061,5099286"
145,836216,Lines in the Sand,2006,3,4,"0491402,0249046,0004898,0000494,0607185,0817980,1965417,0086553,0434526,1015262,0674052,0892956,0768237,0187140,0075061,5099286,1554887"
146,873021,Fools for Love,2006,3,5,"0491402,0249046,0004898,0000494,0607185,0817980,0001556,0880504,0810619,0703910,0727692,0905814,0198714,1189960,0043807,0075061,1347205,5099286"
147,854514,Que Será Será,2006,3,6,"0491402,0249046,0004898,0000494,0607185,0817980,0001556,0362429,1634944,0861583,0892956,1349040,0898546,0236224,1091940,2438033,1106793,0110688,0006687,0292554,0075061,1776091,5099286"
148,859366,Son of Coma Guy,2006,3,7,"0491402,0249046,0004898,0000494,0607185,0817980,0001556,2186460,0488662,0438254,1452242,0075061,5099286,2094155"
149,866187,Whac-A-Mole,2006,3,8,"0491402,0249046,0004898,0000494,0607185,0817980,0297578,2216125,2301889,1400940,0479917,1451549,0742165,1667265,0360549,1829813,0083589,0075061,1967005,2397897,2464278,5099286,2473957"
150,871152,Finding Judas,2006,3,9,"0491402,0249046,0004898,0000494,0607185,0817980,0001556,0129820,0308651,1372025,0519023,0135589,0075061,5099286"
151,882414,Merry Little Christmas,2006,3,10,"0491402,0249046,0004898,0000494,0607185,0817980,0001556,0247860,0097404,0575598,2182034,0075061,1667265,0898770,5099286,3530619,1196907"
152,888858,Words and Deeds,2007,3,11,"0491402,0249046,0004898,0000494,0607185,0817980,0001556,0457796,0136962,0749490,0313464,0496082,0533155,0328709,0362429,1478689,1382044,1014366,2161753,0075061,5099286,2082813"
153,902016,"One Day, One Room",2007,3,12,"0491402,0249046,0004898,0000494,0607185,0817980,0935395,0507212,1667265,1575988,1648149,0263141,0918934,1889664,2443884,1135820,1792670,0729699,2316713,0788520,2421016,0762002,1830771,0075061,1053961,5099286,0601376"
154,897691,Needle in a Haystack,2007,3,13,"0491402,0249046,0004898,0000494,0607185,0817980,0724593,0538655,0275890,1789336,0674052,0115282,0700944,0447037,0853237,0152918,1014366,2537584,2124595,2180219,0075061,4202633,5099286"
155,917153,Insensitive,2007,3,14,"0491402,0249046,0004898,0000494,0607185,0817980,0095561,0821817,0731898,0703910,1752080,0798620,1026376,2161753,0075061,5099286"
156,942528,Half-Wit,2007,3,15,"0491402,0249046,0004898,0000494,0607185,0817980,0559986,0001748,1752080,1163975,0918547,0666633,0075061,2474696,5099286,0610056,1950628"
157,979558,Top Secret,2007,3,16,"0491402,0249046,0004898,0000494,0607185,0817980,0089456,1910313,1014366,1505254,2540461,1966177,0075061,5099286"
158,987017,Fetal Position,2007,3,17,"0491402,0249046,0004898,0000494,0607185,0817980,0708867,1930711,1100419,0075061,5099286"
159,994242,Airborne,2007,3,18,"0491402,0249046,0004898,0000494,0607185,0817980,0641266,0325707,1711156,1535218,0946002,1416031,1798530,2428105,2473088,2029799,1175356,3548778,2611673,0798840,0075061,5099286,2265118"
160,976557,Act Your Age,2007,3,19,"0491402,0249046,0004898,0000494,0607185,0817980,0026687,0303013,0601376,1933128,1376097,2773139,1304856,0075061,0205580,1658956,0720354,0854881,1807505,1212168,5099286"
161,994243,House Training,2007,3,20,"0491402,0249046,0004898,0000494,0607185,0817980,0001165,1010931,0865119,0011038,0692061,1829154,2161753,0075061,5099286"
162,994241,Family,2007,3,21,"0491402,0249046,0004898,0000494,0607185,0817980,0692013,0285901,0913465,1553111,0996651,0075061,5099286"
163,994244,Resignation,2007,3,22,"0491402,0249046,0004898,0000494,0607185,0817980,0960912,0072126,0819045,0268062,0397902,0005305,0411412,1365122,2620969,0075061,5099286"
164,1023376,The Jerk,2007,3,23,"0491402,0249046,0004898,0000494,0607185,0817980,2418976,0283425,0100762,2475029,0561717,2635950,1026376,1700762,1388560,0075061,5099286"
165,1023643,Human Error,2007,3,24,"0491402,0249046,0004898,0000494,0607185,0817980,1357072,1723094,0548534,1587188,1987095,1366009,1620762,1042766,1705546,0572594,2691760,2070557,0032170,0075061,5099286"
166,1081396,Alone,2007,4,1,"0491402,0249046,0000494,0607185,0817980,0239293,0001464,0324070,0589646,1652374,2739971,1394335,1366009,1553983,0847543,1178860,0075061"
167,1104387,The Right Stuff,2007,4,2,"0491402,0249046,0004898,0000494,0607185,0817980,0240043,1346230,0414772,0671980,1312575,0034492,0173688,0621244,0040591,1510060,1222256,1838070,1255785,1418963,1366009,0132656,1498573,0075061"
168,1117787,97 Seconds,2007,4,3,"0491402,0249046,0004898,0000494,0607185,0817980,0240043,1346230,0414772,0671980,1312575,0034492,0173688,0621244,0460206,1510060,1222256,0389324,0948723,0770788,1080919,0816669,0075061,2464278,2003635,5615124"
169,1117788,Guardian Angels,2007,4,4,"0491402,0249046,0004898,0000494,0607185,0817980,0240043,1346230,0414772,0671980,1312575,0034492,0173688,0005439,0481222,0942875,0809894,0925064,0369184,0075061,0212604,1962370"
170,1117789,Mirror Mirror,2007,4,5,"0491402,0249046,0004898,0000494,0607185,0817980,0240043,1346230,0414772,0671980,1312575,0173688,0001844,1889098,2548304,0075061"
171,1123416,Whatever It Takes,2007,4,6,"0491402,0249046,0004898,0000494,0607185,0817980,0240043,1346230,0414772,0671980,1312575,0173688,1161738,0001855,0651660,0929814,0084385,0005230,1234854,0075061,1467292"
172,1136646,Ugly,2007,4,7,"0491402,0249046,0004898,0000494,0607185,0817980,0240043,1346230,0414772,0671980,1312575,1169490,0287266,0923516,1923244,0012209,0005230,0683685,2684622,1720177,2241686,2691912,0075061,7040019"
173,1134258,You Don't Want to Know,2007,4,8,"0491402,0249046,0004898,0000494,0607185,0817980,0240043,1346230,0414772,0671980,1312575,0884313,1914096,0643703,2193020,2586563,0075061"
174,1144658,Games,2007,4,9,"0491402,0249046,0004898,0000494,0607185,0817980,0240043,0414772,0671980,1312575,0213664,1296548,1712534,2694809,0719637,1572535,2843432,1271381,2849999,2293401,0108795,1888152,1902476,0075061,5860661,0561250"
175,1172357,It's a Wonderful Lie,2008,4,10,"0491402,0249046,0004898,0000494,0607185,0817980,0414772,0671980,1312575,1882929,0355711,0823289,0597223,0928105,2441199,0075061"
176,1168087,Frozen,2008,4,11,"0491402,0249046,0004898,0000494,0607185,0817980,0414772,0671980,1312575,0378363,0000227,0240043,0075061,2015571,3400909"
177,1178841,Don't Ever Change,2008,4,12,"0491402,0249046,0004898,0000494,0607185,0817980,0414772,0671980,1312575,0240043,0798938,0687937,0223205,1022263,2913231,2919639,0441643,0792041,0075061,1076606,0643376,2803524"
178,1216106,No More Mr. Nice Guy,2008,4,13,"0491402,0249046,0004898,0000494,0607185,0817980,0414772,0671980,1312575,0240043,1497570,0604541,1687633,0256194,1888152,0075061,0507314"
179,1216107,Living the Dream,2008,4,14,"0491402,0249046,0004898,0000494,0607185,0817980,0414772,0671980,1312575,0240043,0070810,0002936,0507314,2512188,0282948,3002500,2103085,0547584,0075061"
180,1216108,House's Head,2008,4,15,"0491402,0249046,0004898,0000494,0607185,0817980,0414772,0671980,1312575,0240043,0370617,0034858,0004890,0587431,1893532,1408436,1325311,1725464,1393455,0006687,0075061,3051189,4356311,2151421,3174163,2792091"
181,1216109,Wilson's Heart,2008,4,16,"0491402,0249046,0004898,0000494,0607185,0817980,0414772,0671980,1312575,0240043,0221430,0190571,0004890,0075061,3051189,2875838"
182,1274484,Dying Changes Everything,2008,5,1,"0491402,0249046,0004898,0000494,0607185,0817980,0414772,0671980,1312575,2147876,0741454,0792104,1535531,0434563,2696134,0075061,0004890"
183,1273723,Not Cancer,2008,5,2,"0491402,0249046,0004898,0000494,0607185,0817980,0414772,0671980,1312575,0922995,1260407,0174860,0330813,0780571,3098028,1862155,0666633,3139948,0435625,0069689,0301339,0075061,1861097,2013981,1592323,0445022,3003788"
184,1273727,Adverse Events,2008,5,3,"0491402,0249046,0004898,0000494,0607185,0817980,0414772,0671980,1312575,0922995,0231437,0190571,0461587,0694100,0005227,2070557,0849391,1861840,1019329,0075061"
185,1273728,Birthmarks,2008,5,4,"0491402,0249046,0004898,0000494,0607185,0817980,0414772,0671980,1312575,1013476,0372303,0667182,0174780,0000832,1881346,0530882,0477067,1564975,0075061"
186,1273729,Lucky Thirteen,2008,5,5,"0491402,0249046,0004898,0000494,0607185,0817980,0414772,0671980,1312575,0922995,0331854,1753416,1543100,0075061"
187,1273730,Joy,2008,5,6,"0491402,0249046,0004898,0000494,0607185,0817980,0414772,0671980,1312575,0944688,2162078,0956528,0164060,0075061"
188,1273731,The Itch,2008,5,7,"0491402,0249046,0004898,0000494,0607185,0817980,0414772,0671980,1312575,0521974,0190571,0071806,1588401,0633855,1874044,2539782,1427595,0006687,0075061,1004402"
189,1273732,Emancipation,2008,5,8,"0491402,0249046,0004898,0000494,0607185,0817980,0414772,0671980,1312575,1986960,1997480,1605097,1154919,2417490,0566829,2029684,2610425,2531707,2845281,2368562,0075061"
190,1273733,Last Resort,2008,5,9,"0491402,0249046,0004898,0000494,0607185,0817980,0414772,0671980,1312575,0365445,0897400,1404239,0428055,1483939,0812550,0860688,0906031,0411964,0349993,0075061,0179231,2632573"
191,1273713,Let Them Eat Cake,2008,5,10,"0491402,0249046,0004898,0000494,0607185,0817980,0414772,0671980,1312575,1009568,2068458,0168387,0001614,1060447,1268468,0822944,3187843,0678776,0075061,3254110,3545254,3273888,2792091"
192,1273714,Joy to the World,2008,5,11,"0491402,0249046,0004898,0000494,0607185,0817980,0414772,0671980,1312575,2475992,0000145,1128780,0529137,1395771,0132732,2449480,1731786,2256221,0466226,0001614,1890280,1965870,0793170,3332557,3330980,3310319,0336644,1130954,1174055,0075061,10136954,2983976,2145569"
193,1273715,Painless,2009,5,12,"0491402,0249046,0004898,0000494,0607185,0817980,0414772,0671980,1312575,0376540,1544084,0535014,0273371,0599719,0001614,0408786,2252258,0075061,1128780"
194,1273716,Big Baby,2009,5,13,"0491402,0249046,0004898,0000494,0607185,0817980,0414772,0671980,1312575,0282810,2978540,1477924,1397643,2532063,0075061,4953520"
195,1273717,The Greater Good,2009,5,14,"0491402,0249046,0004898,0000494,0607185,0817980,0414772,0671980,1312575,0779399,0190571,0700793,0075061,2709167"
196,1273718,Unfaithful,2009,5,15,"0491402,0249046,0004898,0000494,0607185,0817980,0414772,0671980,1312575,0801051,0858969,0355099,0255112,3297094,0075061"
197,1273719,The Softer Side,2009,5,16,"0491402,0249046,0004898,0000494,0607185,0817980,0414772,0671980,1312575,1122614,0132610,0715314,1022077,0472155,2654189,1268468,0075061,2709167,1950628,3875250"
198,1273720,The Social Contract,2009,5,17,"0491402,0249046,0004898,0000494,0607185,0817980,0414772,0671980,1312575,0439813,0250743,1393246,1565203,0364864,1919272,0288046,0075061,2287486,2792091"
199,1273721,Here Kitty,2009,5,18,"0491402,0249046,0004898,0000494,0607185,0817980,0414772,0671980,1312575,0339460,0610519,0634111,3367547,0075061,2709167,1579753,7179106"
200,1273722,Locked In,2009,5,19,"0491402,0249046,0004898,0000494,0607185,0817980,0414772,0671980,1312575,0150330,0438127,0080049,2788832,1891158,0075061"
201,1273724,Simple Explanation,2009,5,20,"0491402,0249046,0004898,0000494,0607185,0817980,0414772,0671980,1312575,0131974,0221044,0001533,0108970,1528426,1678612,1434786,2258379,2070557,1963145,0075061,2709167,2397897,2521534,2593585,0506749"
202,1273725,Saviors,2009,5,21,"0491402,0249046,0004898,0000494,0607185,0817980,0414772,1312575,1511992,0571636,0240043,1268375,0646786,0718920,0606574,3292695,2525233,0088313,0075061,1922509"
203,1273726,House Divided,2009,5,22,"0491402,0249046,0004898,0000494,0607185,0817980,0414772,1312575,0240043,2647455,0136922,3439043,1659558,2329187,2680758,0590036,0424499,1355143,0075061,1592323,2512775"
204,1399759,Under My Skin,2009,5,23,"0491402,0249046,0004898,0000494,0607185,0817980,0414772,1312575,0240043,2433515,2254627,0315356,0787268,3395898,0310962,1679591,1728326,1821351,3414848,3422247,3422241,3422194,3422165,3422316,3453005,3451585,3177616,3451389,0726647,1740113,3451072,3044944,3418125,3451456,2214134,1690827,2946680,0075061,2709167,2572456,4088966,2894772,3831627"
205,1413129,Both Sides Now,2009,5,24,"0491402,0249046,0004898,0000494,0607185,0817980,0414772,1312575,1525948,0857215,0190571,0005348,0671980,0240043,1981212,1860322,3295312,0091169,0937358,3062647,0075061,4356311,2709167,0799734"
206,1462220,Broken,2009,6,1,"0491402,0000494,0004376,0592135,0230155,1277177,0035664,0498572,0079374,0687443,2016157,0246373,0722476,0105672,0877481,3521217,2046480,0733101,3165233,2948887,3596836,1640119,2112440,3276594,0275261,2170132,2373994,2823710,2689313"
207,1503404,Epic Fail,2009,6,2,"0491402,0249046,0004898,0000494,0607185,0817980,0414772,1312575,1484330,0791467,0105672,0669046,1340533,0317980,1026477,1086815,0075061,3103226,2789340"
208,1503408,The Tyrant,2009,6,3,"0491402,0249046,0004898,0000494,0607185,0817980,1312575,0000469,0545687,0616068,0114578,0265461,0779427,0621738,3662799,0075061"
209,1503409,Instant Karma,2009,6,4,"0491402,0249046,0004898,0000494,0607185,0817980,1312575,0855564,1921310,0469674,1832725,0049248,2070557,1026376,0434737,0713576,2580694,0075061,3130597"
210,1503410,Brave Heart,2009,6,5,"0491402,0249046,0004898,0000494,0607185,0817980,0781218,0056987,2017919,0571630,0814536,1553640,1688187,0865686,2699105,2633241,0791415,0608026,3644436,0075061,3850682,0179231,0000469"
211,1503411,Known Unknowns,2009,6,6,"0491402,0249046,0004898,0000494,0607185,0817980,0922995,1580890,0316078,1553149,0527393,0300939,3588491,2772526,2297621,2752966,2835921,2599564,0040106,0638576,0827191,1836936,1707840,0075061,6257956,2684754,1930894,3665912,2792091,2419528,2486951,4070621,2693799"
212,1503412,Teamwork,2009,6,7,"0491402,0249046,0004898,0000494,0607185,0817980,0414772,1312575,0922995,0086883,0190571,1827939,0004949,0702796,0371180,0075061,2709167,3791634,2756355"
213,1503414,Ignorance Is Bliss,2009,6,8,"0491402,0249046,0004898,0000494,0607185,0817980,0414772,1312575,0922995,0694112,0205615,0190571,0147738,1320997,0697082,0470188,0141526,1100588,0075061,3791634,3640029"
214,1503394,Wilson,2009,6,9,"0491402,0249046,0004898,0000494,0607185,0817980,0414772,1312575,0539651,0478762,0005297,0896292,0139486,3229550,0853386,0441302,0451039,0261058,0075061"
215,1564666,The Down Low,2010,6,10,"0491402,0249046,0004898,0000494,0607185,0817980,0414772,1312575,0256121,0018734,0157915,1770369,1159215,1295887,0891908,1281683,2394280,0123912,0075061"
216,1503395,Remorse,2010,6,11,"0491402,0249046,0004898,0000494,0607185,0817980,0414772,1312575,0922995,1683768,0249006,0009410,0191679,0565503,2796699,0909722,0075061,3485747"
217,1503396,Moving the Chains,2010,6,12,"0491402,0249046,0004898,0000494,0607185,0817980,0414772,1312575,0922995,1229681,0236225,0639871,0428963,1563598,2365299,1462068,0075061,3716391,2265133,3004068"
218,1503397,5 to 9,2010,6,13,"0491402,0249046,0004898,0000494,0607185,0817980,0414772,1312575,0922995,0897400,0324070,0820520,3080438,0261078,1507948,0480381,0674052,0316708,0703761,0397386,1570753,2070557,2477806,2257466,1813829,1353060,1188484,0750398,0075061,3085400,3792623"
219,1503398,Private Lives,2010,6,14,"0491402,0249046,0004898,0000494,0607185,0817980,0414772,1312575,0696059,1079976,0896292,0579460,0262484,0470188,1579913,0218406,2111771,2298411,2896282,2171415,1800223,1785568,3069373,2802768,0761064,2112800,0075061,1133827,3823501,3729375"
220,1503399,Black Hole,2010,6,15,"0491402,0249046,0004898,0000494,0607185,0817980,0414772,1312575,2793261,2956414,0100381,0190571,0539503,0240592,2203764,1487074,2779018,1043238,0075061"
221,1623399,Lockdown,2010,6,16,"0491402,0249046,0004898,0000494,0607185,0817980,0414772,1312575,0000657,0058105,1641251,0914937,0170778,2546716,0470188,0287667,0082405,0075061,3354877,1738417,2624953"
222,1503401,Knight Fall,2010,6,17,"0491402,0249046,0004898,0000494,0607185,0817980,0414772,1312575,0922995,0914475,0781913,1967673,0709095,0256118,2328260,0087449,0075061,0043552,2577063,2918808,2624953,2751593"
223,1503402,Open and Shut,2010,6,18,"0491402,0249046,0004898,0000494,0607185,0817980,0414772,1312575,0914475,0915637,1260534,0190571,0916518,1043238,2070557,3880409,0075061"
224,1503403,The Choice,2010,6,19,"0491402,0249046,0004898,0000494,0607185,0817980,0414772,1312575,0914475,0305081,0025483,0190571,1344103,0697082,0662238,1372708,1276442,3905861,0075061,0076372,0537101"
225,1503405,Baggage,2010,6,20,"0491402,0249046,0004898,0000494,0607185,0817980,0414772,1312575,0592135,0914475,0572721,0597521,0318784,0444539,0105672,0154533,0321874,2641271,2357932,2200981,0075061,0003888,1904329"
226,1503406,Help Me,2010,6,21,"0491402,0249046,0004898,0000494,0817980,0414772,1312575,0005415,0472832,0574535,0855967,1665358,2788383,2321387,1345932,1336377,2807080,0398582,0075061,3169780,3732895,4306993,3029577,1792648,3180390,3026246,3387844"
227,1697219,Now What?,2010,7,1,"0491402,0249046,0004898,0000494,0414772,0817980,1312575,0943927,0175134,0758413,0075061,1544681"
228,1685104,Selfish,2010,7,2,"0491402,0249046,0004898,0000494,0414772,0817980,1312575,1351987,0723590,0183960,2516127,3032678,0113474,1587209,1763390,3390323,0075061,3992412"
229,1726377,Unwritten,2010,7,3,"0491402,0249046,0004898,0000494,0414772,0817980,1312575,0914475,0520203,2133328,0001388,0098013,0891908,3432711,0075061"
230,1726378,Massage Therapy,2010,7,4,"0491402,0249046,0004898,0000494,0414772,0817980,1312575,0005416,0461149,0128657,0559225,1033094,4016560,4117004,0075061"
231,1726379,Unplanned Parenthood,2010,7,5,"0491402,0249046,0004898,0000494,0414772,0817980,1312575,0000426,1724255,0012962,0914937,1006439,4126066,3543122,4016560,4117004,0075061"
232,1708695,Office Politics,2010,7,6,"0491402,0249046,0004898,0000494,0414772,0817980,1312575,0848554,0171059,0897400,0278156,0075061,3680560"
233,1726380,A Pox on Our House,2010,7,7,"0491402,0249046,0004898,0000494,0414772,0817980,1312575,0848554,0914475,0809860,0278767,1683735,2532557,3158723,1866791,0048414,2523816,2009006,2782792,1442644,3248935,0075061,5692772,4141438,1093744"
234,1726381,Small Sacrifices,2010,7,8,"0491402,0249046,0004898,0000494,0414772,0817980,1312575,0848554,0914475,0190571,0263881,1886524,0316708,3551000,0065493,2460093,2765019,4167637,0930506,0075061"
235,1726382,Larger Than Life,2011,7,9,"0491402,0249046,0004898,0000494,0817980,0414772,1312575,0848554,0000498,0337042,0190571,2060169,3618685,0000298,4016560,4117004,2236686,0796580,2466854,0075061,4204239,3893950,0819687"
236,1726371,Carrot or Stick,2011,7,10,"0491402,0249046,0004898,0000494,0817980,0414772,1312575,0848554,1501388,1927701,0316708,0263881,1886524,0777346,1560493,4016560,4117004,3683333,1694748,1451149,0731068,2255215,2502387,0075061,2308916"
237,1726372,Family Practice,2011,7,11,"0491402,0249046,0004898,0000494,0817980,0414772,0848554,0005191,0090814,0190571,0321591,0000298,0741496,2340245,4308150,0075061,4024604"
238,1726373,You Must Remember This,2011,7,12,"0491402,0249046,0004898,0000494,0817980,0414772,1312575,0848554,0392073,0710243,1976836,9805396,0091227,1078808,1584176,2839502,3112508,0075061,3012227,0182803,5475492,3117867"
239,1726374,Two Stories,2011,7,13,"0491402,0249046,0004898,0000494,0414772,0817980,1312575,0848554,3438505,0410893,0004697,0324070,0897400,2610277,0034342,2843372,2556904,2405364,0316708,1478267,4016560,4117004,1169053,1327618,1477019,0182803,2619132,0389121,3906100,3117867,2279777,3992679,2335883,0075061,1734650,3955998,5236906"
240,1726375,Recession Proof,2011,7,14,"0491402,0249046,0004898,0000494,0817980,0414772,1312575,0848554,0490347,0427521,3885559,2538735,0075061,2632918"
241,1726376,Bombshells,2011,7,15,"0491402,0249046,0004898,0000494,0817980,0414772,0848554,0005191,1498895,1024313,0307473,3432684,0237458,2904269,2070557,0566133,1596533,0075061,2340018,3663383,2217540,2214134,3683421,3931416,3951752,4394836,3663207,3033742"
242,1842688,Out of the Chute,2011,7,16,"0491402,0249046,0004898,0000494,0817980,0414772,1312575,0848554,1039977,3075157,2790761,2706682,4294198,3224822,0070452,1548757,1057213,2070557,1451905,1061440,1022440,2512662,1695648,0075061,4062875"
243,1842081,Fall from Grace,2011,7,17,"0491402,0249046,0004898,0000494,0817980,0414772,1312575,0848554,0549815,2764521,4383205,2551992,0186976,0011386,0075061"
244,1878391,The Dig,2011,7,18,"0491402,0249046,0004898,0000494,0817980,0414772,1312575,0848554,1130991,2014390,0190571,0677248,0340720,0075061,0511541,0768947"
245,1880571,Last Temptation,2011,7,19,"0491402,0249046,0004898,0000494,0817980,0414772,1312575,0848554,0484916,3350137,0674052,0567162,1259207,0628468,0250415,2436231,0032170,0075061,1900276,2588142"
246,1883788,Changes,2011,7,20,"0491402,0249046,0004898,0000494,0817980,0414772,1312575,0006610,0182345,0001227,0000298,2531707,3992679,0453794,0730279,0095728,0229695,1026906,3335644,0075061"
247,1902562,The Fix,2011,7,21,"0491402,0249046,0004898,0000494,0817980,0414772,1312575,0971133,1592281,0199823,1111656,1555255,1682647,0645949,2632918,1940126,0004178,0780571,0032170,0075061,4047930"
248,1900094,After Hours,2011,7,22,"0491402,0249046,0004898,0000494,0817980,0414772,1312575,0484541,1798955,1111656,0340720,4016560,4117004,4294198,4461909,0075061,3049172"
249,1919895,Moving On,2011,7,23,"0491402,0249046,0004898,0000494,0817980,0414772,1312575,0005191,0190571,1620756,1400994,0340720,0128032,0013037,1544681,2070557,0791415,3432587,2411017,3830587,0075061,1530336"
250,2006450,Twenty Vicodin,2011,8,1,"0491402,0951148,0058175,1476928,0924918,0557219,0001595,0809344,1183102,3050597,0161980,2307223,1484129,2226732,0787170,1189073,4684430,0075061,5127373,2520655,1510113,4527105"
251,2015677,Transplant,2011,8,2,"0491402,0004898,0000494,2304722,0811513,0566187,0674052,0161130,0307621,0571492,1484129,2712535,0550626,0823789,0075061"
252,2016511,Charity Case,2011,8,3,"0491402,0004898,0000494,1312575,0951148,2304722,0589505,0674052,1926337,1581206,2843759,2515895,4391099,0075061,5185990"
253,2021267,Risky Business,2011,8,4,"0491402,0004898,0000494,0951148,2304722,0636694,1773268,0501493,1074204,1750933,0075061"
254,2063276,The Confession,2011,8,5,"0491402,0004898,0000494,0817980,0414772,0951148,2304722,0051397,0005463,2079325,0068171,2965105,2969074,0952124,2635637,1357063,0075061,3676201"
255,2084392,Parents,2011,8,6,"0491402,0004898,0000494,0817980,0414772,0951148,2304722,1138362,0480118,0780336,0190571,0483915,0340720,0563383,0040992,0565980,0322282,1660066,1977583,3063047,1693401,4776259,0153011,2744342,0006784,0552355,0075061,0470188"
256,2084393,Dead & Buried,2011,8,7,"0491402,0004898,0000494,0817980,0414772,0951148,2304722,0736204,1956478,1617837,0017698,0683986,0920169,1752212,1886863,0281846,1141946,0777530,0075061,5054852"
257,2084394,Perils of Paranoia,2011,8,8,"0491402,0004898,0000494,0817980,0414772,0951148,2304722,0001759,0286022,1861624,0897400,2981935,0271134,1509057,0565582,2070557,1043494,0075061,6006200,0021073,3425473"
258,2092629,Better Half,2012,8,9,"0491402,0004898,0000494,0817980,0414772,0951148,2304722,0001491,0257598,2166477,0897400,0183784,0803778,0022323,0339829,2990582,1665358,0075061"
259,2121953,Runaways,2012,8,10,"0491402,0004898,0000494,0817980,0414772,0951148,2304722,1847099,1861624,0900877,0502097,1012967,0112311,1936317,0075061"
260,2121954,Nobody's Fault,2012,8,11,"0491402,0004898,0817980,0414772,0951148,2304722,0942482,1017524,1044403,0479917,1599884,2260999,1665358,2070557,0075061,0306906"
261,2121955,Chase,2012,8,12,"0491402,0004898,0000494,0817980,0414772,0951148,2304722,1408967,0743902,1109973,1593633,0064065,2070557,0075061,2845517,1022981"
262,2121956,Man of the House,2012,8,13,"0491402,0004898,0000494,0817980,0414772,0951148,2304722,0916617,0812133,2764521,0959242,0323020,0791591,3042083,0796921,1489134,0075061,6602723,12827017"
263,2121957,Love Is Blind,2012,8,14,"0491402,0004898,0000494,0817980,0414772,0951148,2304722,0430107,0366106,2764521,0000832,0175262,0598923,2632525,0075061,4846505,2542759"
264,2121958,Blowing the Whistle,2012,8,15,"0491402,0004898,0000494,0817980,0414772,0951148,2304722,0260224,0040653,2651106,0627414,1449447,3223968,3162144,0470188,0654301,2038484,0075061,0018238,2999525"
265,2121959,Gut Check,2012,8,16,"0491402,0004898,0000494,0817980,0414772,0951148,2304722,2583626,2624166,0536658,1842511,3012161,0446526,0075061,5021099,5321120,4708968,12827017,5599266,2382193"
266,2121960,We Need the Eggs,2012,8,17,"0491402,0004898,0000494,0817980,0414772,0951148,2304722,0160703,2764521,0203221,2079998,4294198,1187340,2888752,0672539,0789284,1382237,0875025,4150324,1224179,0075061,3399413,2999525"
267,2121961,Body and Soul,2012,8,18,"0491402,0004898,0000494,0817980,0414772,0951148,2304722,2764521,3621255,4977968,0156475,1655986,2993454,0075061,4583432,3953085"
268,2121962,The C Word,2012,8,19,"0491402,0004898,0000494,0817980,0414772,0951148,2304722,2193754,0571343,4123266,0160988,4231664,0075061,4216049,4931413,2451280,6081204,4704103"
269,2121963,Post Mortem,2012,8,20,"0491402,0004898,0000494,0817980,0414772,0951148,2304722,0255373,0000693,0379106,0349341,0160581,1648603,0075061,1668558"
270,2121964,Holding On,2012,8,21,"0491402,0004898,0000494,0817980,0414772,0951148,2304722,1312575,2799457,0237849,1939016,1218732,0162281,2498309,1556232,2298317,0200251,5030740,1918447,0075061,0992473,0376531,2170132,2363874,3019095"
271,2121965,Everybody Dies,2012,8,22,"0491402,0004898,0000494,0817980,0414772,0951148,2304722,1312575,0001457,2764521,0190571,0340720,0000832,0105672,0240043,0607185,0671980,0848554,0000688,0697082,2515895,1766149,3229681,0075061,6234459,3534492,1108368,5034463,5029380,5316641,4477887"
