,series_id,episode_id,season,episode,frame_num,face_num,img_height,img_width,x1,y1,x2,y2,area,pct_of_frame,encoding_path,confidence
2294556,8879940,21356646,3,7,744,0,800,1920,377,328,476,426,9702,0.006,,
2294557,8879940,21356646,3,7,768,0,800,1920,464,287,582,405,13924,0.009,,
2294558,8879940,21356646,3,7,792,0,800,1920,619,263,737,381,13924,0.009,,
2294559,8879940,21356646,3,7,816,0,800,1920,798,215,916,333,13924,0.009,,
2294560,8879940,21356646,3,7,864,0,800,1920,1103,142,1245,283,20022,0.013,,
2294561,8879940,21356646,3,7,1080,0,800,1920,1054,60,1298,305,59780,0.039,,
2294562,8879940,21356646,3,7,1080,1,800,1920,533,311,885,663,123904,0.081,,
2294563,8879940,21356646,3,7,1104,0,800,1920,1128,110,1373,355,60025,0.039,,
2294564,8879940,21356646,3,7,1104,1,800,1920,569,346,921,698,123904,0.081,,
2294565,8879940,21356646,3,7,1128,0,800,1920,1227,135,1472,379,59780,0.039,,
2294566,8879940,21356646,3,7,1128,1,800,1920,554,271,977,694,178929,0.116,,
2294567,8879940,21356646,3,7,1152,0,800,1920,604,311,956,663,123904,0.081,,
2294568,8879940,21356646,3,7,1152,1,800,1920,1252,135,1496,379,59536,0.039,,
2294569,8879940,21356646,3,7,1176,0,800,1920,1227,135,1472,379,59780,0.039,,
2294570,8879940,21356646,3,7,1176,1,800,1920,569,311,921,663,123904,0.081,,
2294571,8879940,21356646,3,7,1200,0,800,1920,912,218,1205,511,85849,0.056,,
2294572,8879940,21356646,3,7,1224,0,800,1920,704,129,997,422,85849,0.056,,
2294573,8879940,21356646,3,7,1248,0,800,1920,732,184,976,429,59780,0.039,,
2294574,8879940,21356646,3,7,1272,0,800,1920,732,159,976,404,59780,0.039,,
2294575,8879940,21356646,3,7,1296,0,800,1920,704,158,997,452,86142,0.056,,
2294576,8879940,21356646,3,7,1320,0,800,1920,888,127,1092,331,41616,0.027,,
2294577,8879940,21356646,3,7,1344,0,800,1920,847,86,1051,290,41616,0.027,,
2294578,8879940,21356646,3,7,1368,0,800,1920,847,86,1051,290,41616,0.027,,
2294579,8879940,21356646,3,7,1392,0,800,1920,912,158,1205,452,86142,0.056,,
2294580,8879940,21356646,3,7,1416,0,800,1920,912,158,1205,452,86142,0.056,,
2294581,8879940,21356646,3,7,1440,0,800,1920,912,158,1205,452,86142,0.056,,
2294582,8879940,21356646,3,7,1464,0,800,1920,744,210,947,414,41412,0.027,,
2294583,8879940,21356646,3,7,1488,0,800,1920,744,210,947,414,41412,0.027,,
2294584,8879940,21356646,3,7,1512,0,800,1920,806,135,1051,379,59780,0.039,,
2294585,8879940,21356646,3,7,1536,0,800,1920,823,99,1116,392,85849,0.056,,
2294586,8879940,21356646,3,7,1560,0,800,1920,888,145,1058,315,28900,0.019,,
2294587,8879940,21356646,3,7,1584,0,800,1920,888,145,1058,315,28900,0.019,,
2294588,8879940,21356646,3,7,1608,0,800,1920,854,110,1024,280,28900,0.019,,
2294589,8879940,21356646,3,7,1632,0,800,1920,847,107,1051,311,41616,0.027,,
2294590,8879940,21356646,3,7,1656,0,800,1920,1037,167,1155,285,13924,0.009,,
2294591,8879940,21356646,3,7,1656,1,800,1920,380,382,498,500,13924,0.009,,
2294592,8879940,21356646,3,7,1680,0,800,1920,1037,167,1155,285,13924,0.009,,
2294593,8879940,21356646,3,7,1680,1,800,1920,380,382,498,500,13924,0.009,,
2294594,8879940,21356646,3,7,1704,0,800,1920,1037,179,1155,297,13924,0.009,,
2294595,8879940,21356646,3,7,1704,1,800,1920,372,371,514,513,20164,0.013,,
2294596,8879940,21356646,3,7,1728,0,800,1920,1333,185,1474,326,19881,0.013,,
2294597,8879940,21356646,3,7,1752,0,800,1920,1202,159,1447,404,60025,0.039,,
2294598,8879940,21356646,3,7,1752,1,800,1920,533,311,885,663,123904,0.081,,
2294599,8879940,21356646,3,7,1776,0,800,1920,1202,159,1447,404,60025,0.039,,
2294600,8879940,21356646,3,7,1776,1,800,1920,569,275,921,627,123904,0.081,,
2294601,8879940,21356646,3,7,1800,0,800,1920,569,275,921,627,123904,0.081,,
2294602,8879940,21356646,3,7,1800,1,800,1920,1227,159,1472,404,60025,0.039,,
2294603,8879940,21356646,3,7,1824,0,800,1920,1277,184,1521,429,59780,0.039,,
2294604,8879940,21356646,3,7,1824,1,800,1920,569,311,921,663,123904,0.081,,
2294605,8879940,21356646,3,7,1848,0,800,1920,569,311,921,663,123904,0.081,,
2294606,8879940,21356646,3,7,1848,1,800,1920,1277,184,1521,429,59780,0.039,,
2294607,8879940,21356646,3,7,1872,0,800,1920,1277,159,1521,404,59780,0.039,,
2294608,8879940,21356646,3,7,1872,1,800,1920,569,311,921,663,123904,0.081,,
2294609,8879940,21356646,3,7,1896,0,800,1920,1252,159,1496,404,59780,0.039,,
2294610,8879940,21356646,3,7,1896,1,800,1920,569,311,921,663,123904,0.081,,
2294611,8879940,21356646,3,7,1920,0,800,1920,1301,159,1546,404,60025,0.039,,
2294612,8879940,21356646,3,7,1920,1,800,1920,533,311,885,663,123904,0.081,,
2294613,8879940,21356646,3,7,1944,0,800,1920,1301,159,1546,404,60025,0.039,,
2294614,8879940,21356646,3,7,1944,1,800,1920,555,337,849,630,86142,0.056,,
2294615,8879940,21356646,3,7,1968,0,800,1920,847,107,1051,311,41616,0.027,,
2294616,8879940,21356646,3,7,1992,0,800,1920,867,107,1071,311,41616,0.027,,
2294617,8879940,21356646,3,7,2016,0,800,1920,702,189,906,393,41616,0.027,,
2294618,8879940,21356646,3,7,2040,0,800,1920,682,184,927,429,60025,0.039,,
2294619,8879940,21356646,3,7,2064,0,800,1920,905,110,1075,280,28900,0.019,,
2294620,8879940,21356646,3,7,2088,0,800,1920,867,86,1071,290,41616,0.027,,
2294621,8879940,21356646,3,7,2136,0,800,1920,847,127,1051,331,41616,0.027,,
2294622,8879940,21356646,3,7,2160,0,800,1920,1025,167,1143,285,13924,0.009,,
2294623,8879940,21356646,3,7,2160,1,800,1920,372,357,514,498,20022,0.013,,
2294624,8879940,21356646,3,7,2184,0,800,1920,823,99,1116,392,85849,0.056,,
2294625,8879940,21356646,3,7,2208,0,800,1920,831,135,1075,379,59536,0.039,,
2294626,8879940,21356646,3,7,2256,0,800,1920,823,69,1116,363,86142,0.056,,
2294627,8879940,21356646,3,7,2280,0,800,1920,823,99,1116,392,85849,0.056,,
2294628,8879940,21356646,3,7,2304,0,800,1920,793,129,1087,422,86142,0.056,,
2294629,8879940,21356646,3,7,2328,0,800,1920,823,99,1116,392,85849,0.056,,
2294630,8879940,21356646,3,7,2352,0,800,1920,852,129,1146,422,86142,0.056,,
2294631,8879940,21356646,3,7,2376,0,800,1920,880,135,1125,379,59780,0.039,,
2294632,8879940,21356646,3,7,2400,0,800,1920,823,69,1116,363,86142,0.056,,
2294633,8879940,21356646,3,7,2424,0,800,1920,823,99,1116,392,85849,0.056,,
2294634,8879940,21356646,3,7,2448,0,800,1920,852,69,1146,363,86436,0.056,,
2294635,8879940,21356646,3,7,2472,0,800,1920,852,129,1146,422,86142,0.056,,
2294636,8879940,21356646,3,7,2496,0,800,1920,852,129,1146,422,86142,0.056,,
2294637,8879940,21356646,3,7,2520,0,800,1920,856,159,1100,404,59780,0.039,,
2294638,8879940,21356646,3,7,2544,0,800,1920,852,129,1146,422,86142,0.056,,
2294639,8879940,21356646,3,7,2568,0,800,1920,530,328,672,470,20164,0.013,,
2294640,8879940,21356646,3,7,2568,1,800,1920,1049,203,1167,321,13924,0.009,,
2294641,8879940,21356646,3,7,2592,0,800,1920,476,406,594,524,13924,0.009,,
2294642,8879940,21356646,3,7,2592,1,800,1920,1013,191,1131,309,13924,0.009,,
2294643,8879940,21356646,3,7,2616,0,800,1920,458,314,600,455,20022,0.013,,
2294644,8879940,21356646,3,7,2616,1,800,1920,1017,185,1159,326,20022,0.013,,
2294645,8879940,21356646,3,7,2640,0,800,1920,856,135,1100,379,59536,0.039,,
2294646,8879940,21356646,3,7,2664,0,800,1920,831,159,1075,404,59780,0.039,,
2294647,8879940,21356646,3,7,2688,0,800,1920,763,158,1057,452,86436,0.056,,
2294648,8879940,21356646,3,7,2712,0,800,1920,852,218,1146,511,86142,0.056,,
2294649,8879940,21356646,3,7,2736,0,800,1920,823,188,1116,481,85849,0.056,,
2294650,8879940,21356646,3,7,2760,0,800,1920,823,188,1116,481,85849,0.056,,
2294651,8879940,21356646,3,7,2784,0,800,1920,831,135,1075,379,59536,0.039,,
2294652,8879940,21356646,3,7,2808,0,800,1920,831,135,1075,379,59536,0.039,,
2294653,8879940,21356646,3,7,2832,0,800,1920,744,231,947,435,41412,0.027,,
2294654,8879940,21356646,3,7,2856,0,800,1920,793,99,1087,392,86142,0.056,,
2294655,8879940,21356646,3,7,2880,0,800,1920,793,99,1087,392,86142,0.056,,
2294656,8879940,21356646,3,7,2904,0,800,1920,823,188,1116,481,85849,0.056,,
2294657,8879940,21356646,3,7,2928,0,800,1920,852,218,1146,511,86142,0.056,,
2294658,8879940,21356646,3,7,2952,0,800,1920,818,204,1170,556,123904,0.081,,
2294659,8879940,21356646,3,7,2976,0,800,1920,1351,159,1595,404,59780,0.039,,
2294660,8879940,21356646,3,7,2976,1,800,1920,676,382,1028,734,123904,0.081,,
2294661,8879940,21356646,3,7,3000,0,800,1920,640,382,992,734,123904,0.081,,
2294662,8879940,21356646,3,7,3000,1,800,1920,1376,209,1620,454,59780,0.039,,
2294663,8879940,21356646,3,7,3024,0,800,1920,1202,184,1447,429,60025,0.039,,
2294664,8879940,21356646,3,7,3024,1,800,1920,640,346,992,698,123904,0.081,,
2294665,8879940,21356646,3,7,3048,0,800,1920,1202,184,1447,429,60025,0.039,,
2294666,8879940,21356646,3,7,3048,1,800,1920,640,382,992,734,123904,0.081,,
2294667,8879940,21356646,3,7,3072,0,800,1920,1227,135,1472,379,59780,0.039,,
2294668,8879940,21356646,3,7,3072,1,800,1920,676,382,1028,734,123904,0.081,,
2294669,8879940,21356646,3,7,3096,0,800,1920,704,426,997,719,85849,0.056,,
2294670,8879940,21356646,3,7,3096,1,800,1920,1227,110,1472,355,60025,0.039,,
2294671,8879940,21356646,3,7,3120,0,800,1920,676,382,1028,734,123904,0.081,,
2294672,8879940,21356646,3,7,3120,1,800,1920,1301,135,1546,379,59780,0.039,,
2294673,8879940,21356646,3,7,3144,0,800,1920,704,396,997,689,85849,0.056,,
2294674,8879940,21356646,3,7,3168,0,800,1920,1121,179,1239,297,13924,0.009,,
2294675,8879940,21356646,3,7,3192,0,800,1920,616,471,758,613,20164,0.013,,
2294676,8879940,21356646,3,7,3192,1,800,1920,1112,127,1281,297,28730,0.019,,
2294677,8879940,21356646,3,7,3216,0,800,1920,286,333,530,577,59536,0.039,,
2294678,8879940,21356646,3,7,3240,0,800,1920,459,308,704,553,60025,0.039,,
2294679,8879940,21356646,3,7,3264,0,800,1920,537,293,741,496,41412,0.027,,
2294680,8879940,21356646,3,7,3288,0,800,1920,1318,24,1488,194,28900,0.019,,
2294681,8879940,21356646,3,7,3288,1,800,1920,561,420,731,590,28900,0.019,,
2294682,8879940,21356646,3,7,3312,0,800,1920,1146,170,1288,312,20164,0.013,,
2294683,8879940,21356646,3,7,3312,1,800,1920,731,514,872,656,20022,0.013,,
2294684,8879940,21356646,3,7,3336,0,800,1920,1146,185,1288,326,20022,0.013,,
2294685,8879940,21356646,3,7,3336,1,800,1920,655,418,773,536,13924,0.009,,
2294686,8879940,21356646,3,7,3360,0,800,1920,1161,99,1302,240,19881,0.013,,
2294687,8879940,21356646,3,7,3360,1,800,1920,631,346,749,464,13924,0.009,,
2294688,8879940,21356646,3,7,3384,0,800,1920,1133,131,1251,249,13924,0.009,,
2294689,8879940,21356646,3,7,3384,1,800,1920,571,382,689,500,13924,0.009,,
2294690,8879940,21356646,3,7,3408,0,800,1920,620,189,824,393,41616,0.027,,
2294691,8879940,21356646,3,7,3432,0,800,1920,620,189,824,393,41616,0.027,,
2294692,8879940,21356646,3,7,3456,0,800,1920,888,110,1058,280,28900,0.019,,
2294693,8879940,21356646,3,7,3480,0,800,1920,888,196,1058,366,28900,0.019,,
2294694,8879940,21356646,3,7,3504,0,800,1920,905,179,1075,349,28900,0.019,,
2294695,8879940,21356646,3,7,3528,0,800,1920,905,179,1075,349,28900,0.019,,
2294696,8879940,21356646,3,7,3552,0,800,1920,854,196,1024,366,28900,0.019,,
2294697,8879940,21356646,3,7,3576,0,800,1920,871,213,1041,383,28900,0.019,,
2294698,8879940,21356646,3,7,3600,0,800,1920,940,179,1110,349,28900,0.019,,
2294699,8879940,21356646,3,7,4200,0,800,1920,753,45,1362,653,370272,0.241,,
2294700,8879940,21356646,3,7,4224,0,800,1920,544,27,686,169,20164,0.013,,
2294701,8879940,21356646,3,7,4248,0,800,1920,510,7,680,177,28900,0.019,,
2294702,8879940,21356646,3,7,4272,0,800,1920,475,24,645,194,28900,0.019,,
2294703,8879940,21356646,3,7,4344,0,800,1920,1054,60,1298,305,59780,0.039,,
2294704,8879940,21356646,3,7,4368,0,800,1920,1054,135,1298,379,59536,0.039,,
2294705,8879940,21356646,3,7,4392,0,800,1920,1033,169,1236,373,41412,0.027,,
2294706,8879940,21356646,3,7,4416,0,800,1920,1165,265,1222,322,3249,0.002,,
2294707,8879940,21356646,3,7,4464,0,800,1920,755,153,802,201,2256,0.001,,
2294708,8879940,21356646,3,7,4512,0,800,1920,745,132,802,189,3249,0.002,,
2294709,8879940,21356646,3,7,4536,0,800,1920,930,209,1174,454,59780,0.039,,
2294710,8879940,21356646,3,7,4656,0,800,1920,561,282,731,452,28900,0.019,,
2294711,8879940,21356646,3,7,4656,1,800,1920,1005,158,1073,227,4692,0.003,,
2294712,8879940,21356646,3,7,4680,0,800,1920,1011,145,1080,213,4692,0.003,,
2294713,8879940,21356646,3,7,4680,1,800,1920,699,282,869,452,28900,0.019,,
2294714,8879940,21356646,3,7,4680,2,800,1920,1413,388,1511,486,9604,0.006,,
2294715,8879940,21356646,3,7,4704,0,800,1920,372,231,542,401,28900,0.019,,
2294716,8879940,21356646,3,7,4704,1,800,1920,1005,145,1073,213,4624,0.003,,
2294717,8879940,21356646,3,7,4704,2,800,1920,1433,398,1531,496,9604,0.006,,
2294718,8879940,21356646,3,7,4728,0,800,1920,998,138,1066,206,4624,0.003,,
2294719,8879940,21356646,3,7,4728,1,800,1920,1433,388,1531,486,9604,0.006,,
2294720,8879940,21356646,3,7,4728,2,800,1920,673,285,815,427,20164,0.013,,
2294721,8879940,21356646,3,7,4752,0,800,1920,613,265,783,435,28900,0.019,,
2294722,8879940,21356646,3,7,4752,1,800,1920,1005,145,1073,213,4624,0.003,,
2294723,8879940,21356646,3,7,4752,2,800,1920,1407,370,1525,488,13924,0.009,,
2294724,8879940,21356646,3,7,4776,0,800,1920,990,125,1072,207,6724,0.004,,
2294725,8879940,21356646,3,7,4776,1,800,1920,458,265,628,435,28900,0.019,,
2294726,8879940,21356646,3,7,4800,0,800,1920,1011,138,1080,206,4692,0.003,,
2294727,8879940,21356646,3,7,4800,1,800,1920,473,299,614,441,20022,0.013,,
2294728,8879940,21356646,3,7,4824,0,800,1920,1011,138,1080,206,4692,0.003,,
2294729,8879940,21356646,3,7,4848,0,800,1920,1011,131,1080,199,4692,0.003,,
2294730,8879940,21356646,3,7,4872,0,800,1920,1433,378,1531,476,9604,0.006,,
2294731,8879940,21356646,3,7,4872,1,800,1920,1081,138,1149,206,4624,0.003,,
2294732,8879940,21356646,3,7,4896,0,800,1920,1108,131,1176,199,4624,0.003,,
2294733,8879940,21356646,3,7,4896,1,800,1920,441,265,611,435,28900,0.019,,
2294734,8879940,21356646,3,7,4896,2,800,1920,1407,394,1525,512,13924,0.009,,
2294735,8879940,21356646,3,7,4920,0,800,1920,1098,125,1180,207,6724,0.004,,
2294736,8879940,21356646,3,7,4920,1,800,1920,473,285,614,427,20022,0.013,,
2294737,8879940,21356646,3,7,4920,2,800,1920,1407,358,1525,476,13924,0.009,,
2294738,8879940,21356646,3,7,4944,0,800,1920,1025,131,1094,199,4692,0.003,,
2294739,8879940,21356646,3,7,4944,1,800,1920,458,271,600,412,20022,0.013,,
2294740,8879940,21356646,3,7,4968,0,800,1920,596,299,766,469,28900,0.019,,
2294741,8879940,21356646,3,7,4968,1,800,1920,984,131,1052,199,4624,0.003,,
2294742,8879940,21356646,3,7,4992,0,800,1920,1011,124,1080,192,4692,0.003,,
2294743,8879940,21356646,3,7,4992,1,800,1920,516,271,657,412,19881,0.013,,
2294744,8879940,21356646,3,7,5016,0,800,1920,444,271,586,412,20022,0.013,,
2294745,8879940,21356646,3,7,5016,1,800,1920,1018,131,1087,199,4692,0.003,,
2294746,8879940,21356646,3,7,5040,0,800,1920,998,131,1066,199,4624,0.003,,
2294747,8879940,21356646,3,7,5040,1,800,1920,415,271,557,412,20022,0.013,,
2294748,8879940,21356646,3,7,5064,0,800,1920,950,127,1154,331,41616,0.027,,
2294749,8879940,21356646,3,7,5088,0,800,1920,929,169,1133,373,41616,0.027,,
2294750,8879940,21356646,3,7,5112,0,800,1920,929,169,1133,373,41616,0.027,,
2294751,8879940,21356646,3,7,5136,0,800,1920,922,162,1092,332,28900,0.019,,
2294752,8879940,21356646,3,7,5160,0,800,1920,922,162,1092,332,28900,0.019,,
2294753,8879940,21356646,3,7,5184,0,800,1920,905,196,1075,366,28900,0.019,,
2294754,8879940,21356646,3,7,5208,0,800,1920,643,311,761,428,13806,0.009,,
2294755,8879940,21356646,3,7,5232,0,800,1920,667,133,749,215,6724,0.004,,
2294756,8879940,21356646,3,7,5256,0,800,1920,584,67,666,149,6724,0.004,,
2294757,8879940,21356646,3,7,5256,1,800,1920,616,318,715,417,9801,0.006,,
2294758,8879940,21356646,3,7,5280,0,800,1920,766,42,848,124,6724,0.004,,
2294759,8879940,21356646,3,7,5280,1,800,1920,586,308,685,407,9801,0.006,,
2294760,8879940,21356646,3,7,5304,0,800,1920,261,184,506,429,60025,0.039,,
2294761,8879940,21356646,3,7,5328,0,800,1920,831,184,1075,429,59780,0.039,,
2294762,8879940,21356646,3,7,5352,0,800,1920,785,169,989,373,41616,0.027,,
2294763,8879940,21356646,3,7,5400,0,800,1920,1090,218,1384,511,86142,0.056,,
2294764,8879940,21356646,3,7,5424,0,800,1920,1061,247,1354,541,86142,0.056,,
2294765,8879940,21356646,3,7,5520,0,800,1920,924,84,1006,165,6642,0.004,,
2294766,8879940,21356646,3,7,5520,1,800,1920,406,265,576,435,28900,0.019,,
2294767,8879940,21356646,3,7,5544,0,800,1920,924,84,1006,165,6642,0.004,,
2294768,8879940,21356646,3,7,5544,1,800,1920,389,265,559,435,28900,0.019,,
2294769,8879940,21356646,3,7,5568,0,800,1920,924,92,1006,174,6724,0.004,,
2294770,8879940,21356646,3,7,5568,1,800,1920,372,265,542,435,28900,0.019,,
2294771,8879940,21356646,3,7,5592,0,800,1920,932,84,1014,165,6642,0.004,,
2294772,8879940,21356646,3,7,5616,0,800,1920,401,299,543,441,20164,0.013,,
2294773,8879940,21356646,3,7,5616,1,800,1920,940,84,1022,165,6642,0.004,,
2294774,8879940,21356646,3,7,5640,0,800,1920,949,84,1031,165,6642,0.004,,
2294775,8879940,21356646,3,7,5664,0,800,1920,355,231,525,401,28900,0.019,,
2294776,8879940,21356646,3,7,5664,1,800,1920,940,84,1022,165,6642,0.004,,
2294777,8879940,21356646,3,7,5688,0,800,1920,338,248,508,418,28900,0.019,,
2294778,8879940,21356646,3,7,5688,1,800,1920,940,75,1022,157,6724,0.004,,
2294779,8879940,21356646,3,7,5712,0,800,1920,957,84,1039,165,6642,0.004,,
2294780,8879940,21356646,3,7,5736,0,800,1920,965,84,1047,165,6642,0.004,,
2294781,8879940,21356646,3,7,5760,0,800,1920,387,213,528,355,20022,0.013,,
2294782,8879940,21356646,3,7,5760,1,800,1920,974,84,1056,165,6642,0.004,,
2294783,8879940,21356646,3,7,5808,0,800,1920,1008,162,1178,332,28900,0.019,,
2294784,8879940,21356646,3,7,5832,0,800,1920,599,148,803,352,41616,0.027,,
2294785,8879940,21356646,3,7,5856,0,800,1920,1043,162,1213,332,28900,0.019,,
2294786,8879940,21356646,3,7,5880,0,800,1920,1008,162,1178,332,28900,0.019,,
2294787,8879940,21356646,3,7,5904,0,800,1920,664,76,834,246,28900,0.019,,
2294788,8879940,21356646,3,7,5928,0,800,1920,664,59,834,229,28900,0.019,,
2294789,8879940,21356646,3,7,5952,0,800,1920,688,84,829,226,20022,0.013,,
2294790,8879940,21356646,3,7,5976,0,800,1920,664,59,834,229,28900,0.019,,
2294791,8879940,21356646,3,7,6000,0,800,1920,561,24,731,194,28900,0.019,,
2294792,8879940,21356646,3,7,6480,0,800,1920,1068,204,1420,556,123904,0.081,,
2294793,8879940,21356646,3,7,6504,0,800,1920,1196,229,1619,651,178506,0.116,,
2294794,8879940,21356646,3,7,6528,0,800,1920,1293,358,1391,456,9604,0.006,,
2294795,8879940,21356646,3,7,6552,0,800,1920,1214,328,1312,426,9604,0.006,,
2294796,8879940,21356646,3,7,6576,0,800,1920,1223,298,1322,397,9801,0.006,,
2294797,8879940,21356646,3,7,6624,0,800,1920,1228,251,1346,369,13924,0.009,,
2294798,8879940,21356646,3,7,6768,0,800,1920,682,159,927,404,60025,0.039,,
2294799,8879940,21356646,3,7,6984,0,800,1920,1033,251,1236,455,41412,0.027,,
2294800,8879940,21356646,3,7,7008,0,800,1920,1004,159,1249,404,60025,0.039,,
2294801,8879940,21356646,3,7,7080,0,800,1920,1012,210,1216,414,41616,0.027,,
2294802,8879940,21356646,3,7,7104,0,800,1920,991,210,1195,414,41616,0.027,,
2294803,8879940,21356646,3,7,7128,0,800,1920,991,251,1195,455,41616,0.027,,
2294804,8879940,21356646,3,7,7152,0,800,1920,971,251,1174,455,41412,0.027,,
2294805,8879940,21356646,3,7,7176,0,800,1920,1240,227,1358,345,13924,0.009,,
2294806,8879940,21356646,3,7,7248,0,800,1920,1216,227,1334,345,13924,0.009,,
2294807,8879940,21356646,3,7,7272,0,800,1920,1216,227,1334,345,13924,0.009,,
2294808,8879940,21356646,3,7,7296,0,800,1920,1228,239,1346,357,13924,0.009,,
2294809,8879940,21356646,3,7,7416,0,800,1920,1115,231,1319,435,41616,0.027,,
2294810,8879940,21356646,3,7,7440,0,800,1920,1156,189,1360,393,41616,0.027,,
2294811,8879940,21356646,3,7,7464,0,800,1920,1156,169,1360,373,41616,0.027,,
2294812,8879940,21356646,3,7,7488,0,800,1920,1177,169,1381,373,41616,0.027,,
2294813,8879940,21356646,3,7,7512,0,800,1920,1177,169,1381,373,41616,0.027,,
2294814,8879940,21356646,3,7,7536,0,800,1920,1156,169,1360,373,41616,0.027,,
2294815,8879940,21356646,3,7,7560,0,800,1920,1198,169,1401,373,41412,0.027,,
2294816,8879940,21356646,3,7,7584,0,800,1920,1198,169,1401,373,41412,0.027,,
2294817,8879940,21356646,3,7,7608,0,800,1920,1177,169,1381,373,41616,0.027,,
2294818,8879940,21356646,3,7,7632,0,800,1920,1177,148,1381,352,41616,0.027,,
2294819,8879940,21356646,3,7,7656,0,800,1920,596,127,766,297,28900,0.019,,
2294820,8879940,21356646,3,7,7680,0,800,1920,750,127,920,297,28900,0.019,,
2294821,8879940,21356646,3,7,7704,0,800,1920,785,179,955,349,28900,0.019,,
2294822,8879940,21356646,3,7,7728,0,800,1920,744,251,947,455,41412,0.027,,
2294823,8879940,21356646,3,7,7752,0,800,1920,764,251,968,455,41616,0.027,,
2294824,8879940,21356646,3,7,7776,0,800,1920,785,231,989,435,41616,0.027,,
2294825,8879940,21356646,3,7,7800,0,800,1920,702,148,906,352,41616,0.027,,
2294826,8879940,21356646,3,7,7824,0,800,1920,702,148,906,352,41616,0.027,,
2294827,8879940,21356646,3,7,7848,0,800,1920,764,169,968,373,41616,0.027,,
2294828,8879940,21356646,3,7,7872,0,800,1920,702,169,906,373,41616,0.027,,
2294829,8879940,21356646,3,7,7968,0,800,1920,674,129,968,422,86142,0.056,,
2294830,8879940,21356646,3,7,7992,0,800,1920,707,159,952,404,60025,0.039,,
2294831,8879940,21356646,3,7,8016,0,800,1920,682,159,927,404,60025,0.039,,
2294832,8879940,21356646,3,7,8040,0,800,1920,682,159,927,404,60025,0.039,,
2294833,8879940,21356646,3,7,8064,0,800,1920,682,159,927,404,60025,0.039,,
2294834,8879940,21356646,3,7,8232,0,800,1920,397,139,496,237,9702,0.006,,
2294835,8879940,21356646,3,7,8256,0,800,1920,512,119,630,237,13924,0.009,,
2294836,8879940,21356646,3,7,8280,0,800,1920,544,113,686,255,20164,0.013,,
2294837,8879940,21356646,3,7,8376,0,800,1920,750,110,920,280,28900,0.019,,
2294838,8879940,21356646,3,7,8400,0,800,1920,630,93,800,263,28900,0.019,,
2294839,8879940,21356646,3,7,8424,0,800,1920,733,179,903,349,28900,0.019,,
2294840,8879940,21356646,3,7,8448,0,800,1920,699,179,869,349,28900,0.019,,
2294841,8879940,21356646,3,7,8472,0,800,1920,661,148,865,352,41616,0.027,,
2294842,8879940,21356646,3,7,8496,0,800,1920,699,179,869,349,28900,0.019,,
2294843,8879940,21356646,3,7,8520,0,800,1920,716,179,886,349,28900,0.019,,
2294844,8879940,21356646,3,7,8544,0,800,1920,682,162,852,332,28900,0.019,,
2294845,8879940,21356646,3,7,8568,0,800,1920,620,127,824,331,41616,0.027,,
2294846,8879940,21356646,3,7,8592,0,800,1920,630,162,800,332,28900,0.019,,
2294847,8879940,21356646,3,7,8616,0,800,1920,664,145,834,315,28900,0.019,,
2294848,8879940,21356646,3,7,8640,0,800,1920,664,145,834,315,28900,0.019,,
2294849,8879940,21356646,3,7,8664,0,800,1920,647,145,817,315,28900,0.019,,
2294850,8879940,21356646,3,7,8712,0,800,1920,1150,386,1218,455,4692,0.003,,
2294851,8879940,21356646,3,7,8736,0,800,1920,647,145,817,315,28900,0.019,,
2294852,8879940,21356646,3,7,8760,0,800,1920,558,189,762,393,41616,0.027,,
2294853,8879940,21356646,3,7,8928,0,800,1920,1031,247,1324,541,86142,0.056,,
2294854,8879940,21356646,3,7,8928,1,800,1920,533,168,885,520,123904,0.081,,
2294855,8879940,21356646,3,7,8952,0,800,1920,971,188,1265,481,86142,0.056,,
2294856,8879940,21356646,3,7,8976,0,800,1920,971,218,1265,511,86142,0.056,,
2294857,8879940,21356646,3,7,9000,0,800,1920,971,247,1265,541,86436,0.056,,
2294858,8879940,21356646,3,7,9024,0,800,1920,942,218,1235,511,85849,0.056,,
2294859,8879940,21356646,3,7,9024,1,800,1920,462,168,814,520,123904,0.081,,
2294860,8879940,21356646,3,7,9048,0,800,1920,971,218,1265,511,86142,0.056,,
2294861,8879940,21356646,3,7,9072,0,800,1920,1001,218,1295,511,86142,0.056,,
2294862,8879940,21356646,3,7,9096,0,800,1920,1031,247,1324,541,86142,0.056,,
2294863,8879940,21356646,3,7,9120,0,800,1920,942,218,1235,511,85849,0.056,,
2294864,8879940,21356646,3,7,9144,0,800,1920,942,218,1235,511,85849,0.056,,
2294865,8879940,21356646,3,7,9168,0,800,1920,942,218,1235,511,85849,0.056,,
2294866,8879940,21356646,3,7,9192,0,800,1920,942,218,1235,511,85849,0.056,,
2294867,8879940,21356646,3,7,9216,0,800,1920,942,218,1235,511,85849,0.056,,
2294868,8879940,21356646,3,7,9240,0,800,1920,942,218,1235,511,85849,0.056,,
2294869,8879940,21356646,3,7,9264,0,800,1920,1054,259,1298,503,59536,0.039,,
2294870,8879940,21356646,3,7,9360,0,800,1920,971,293,1174,496,41209,0.027,,
2294871,8879940,21356646,3,7,9360,1,800,1920,526,277,819,571,86142,0.056,,
2294872,8879940,21356646,3,7,9384,0,800,1920,950,313,1154,517,41616,0.027,,
2294873,8879940,21356646,3,7,9384,1,800,1920,526,277,819,571,86142,0.056,,
2294874,8879940,21356646,3,7,9408,0,800,1920,950,313,1154,517,41616,0.027,,
2294875,8879940,21356646,3,7,9408,1,800,1920,526,277,819,571,86142,0.056,,
2294876,8879940,21356646,3,7,9432,0,800,1920,929,313,1133,517,41616,0.027,,
2294877,8879940,21356646,3,7,9432,1,800,1920,526,277,819,571,86142,0.056,,
2294878,8879940,21356646,3,7,9456,0,800,1920,888,293,1092,496,41412,0.027,,
2294879,8879940,21356646,3,7,9456,1,800,1920,526,307,819,600,85849,0.056,,
2294880,8879940,21356646,3,7,9480,0,800,1920,929,313,1133,517,41616,0.027,,
2294881,8879940,21356646,3,7,9480,1,800,1920,526,307,819,600,85849,0.056,,
2294882,8879940,21356646,3,7,9504,0,800,1920,905,308,1150,553,60025,0.039,,
2294883,8879940,21356646,3,7,9528,0,800,1920,929,334,1133,538,41616,0.027,,
2294884,8879940,21356646,3,7,9528,1,800,1920,526,307,819,600,85849,0.056,,
2294885,8879940,21356646,3,7,9552,0,800,1920,888,313,1092,517,41616,0.027,,
2294886,8879940,21356646,3,7,9552,1,800,1920,526,277,819,571,86142,0.056,,
2294887,8879940,21356646,3,7,9576,0,800,1920,888,334,1092,538,41616,0.027,,
2294888,8879940,21356646,3,7,9600,0,800,1920,909,334,1113,538,41616,0.027,,
2294889,8879940,21356646,3,7,9648,0,800,1920,377,158,670,452,86142,0.056,,
2294890,8879940,21356646,3,7,9672,0,800,1920,509,234,753,478,59536,0.039,,
2294891,8879940,21356646,3,7,9720,0,800,1920,1328,396,1621,689,85849,0.056,,
2294892,8879940,21356646,3,7,9744,0,800,1920,867,107,1071,311,41616,0.027,,
2294893,8879940,21356646,3,7,9768,0,800,1920,971,127,1174,331,41412,0.027,,
2294894,8879940,21356646,3,7,9864,0,800,1920,991,148,1195,352,41616,0.027,,
2294895,8879940,21356646,3,7,9888,0,800,1920,991,148,1195,352,41616,0.027,,
2294896,8879940,21356646,3,7,9912,0,800,1920,955,135,1199,379,59536,0.039,,
2294897,8879940,21356646,3,7,9936,0,800,1920,734,218,1027,511,85849,0.056,,
2294898,8879940,21356646,3,7,9960,0,800,1920,704,218,997,511,85849,0.056,,
2294899,8879940,21356646,3,7,9984,0,800,1920,734,247,1027,541,86142,0.056,,
2294900,8879940,21356646,3,7,10032,0,800,1920,930,159,1174,404,59780,0.039,,
2294901,8879940,21356646,3,7,10056,0,800,1920,955,135,1199,379,59536,0.039,,
2294902,8879940,21356646,3,7,10080,0,800,1920,955,135,1199,379,59536,0.039,,
2294903,8879940,21356646,3,7,10224,0,800,1920,831,135,1075,379,59536,0.039,,
2294904,8879940,21356646,3,7,10248,0,800,1920,882,218,1176,511,86142,0.056,,
2294905,8879940,21356646,3,7,10272,0,800,1920,979,308,1224,553,60025,0.039,,
2294906,8879940,21356646,3,7,10632,0,800,1920,575,216,657,298,6724,0.004,,
2294907,8879940,21356646,3,7,10656,0,800,1920,584,200,666,282,6724,0.004,,
2294908,8879940,21356646,3,7,10680,0,800,1920,600,208,682,290,6724,0.004,,
2294909,8879940,21356646,3,7,10704,0,800,1920,575,208,657,290,6724,0.004,,
2294910,8879940,21356646,3,7,10728,0,800,1920,604,214,672,282,4624,0.003,,
2294911,8879940,21356646,3,7,10776,0,800,1920,559,208,641,290,6724,0.004,,
2294912,8879940,21356646,3,7,10800,0,800,1920,584,216,666,298,6724,0.004,,
2294913,8879940,21356646,3,7,10824,0,800,1920,584,216,666,298,6724,0.004,,
2294914,8879940,21356646,3,7,10848,0,800,1920,575,216,657,298,6724,0.004,,
2294915,8879940,21356646,3,7,10872,0,800,1920,592,216,674,298,6724,0.004,,
2294916,8879940,21356646,3,7,11376,0,800,1920,544,162,714,332,28900,0.019,,
2294917,8879940,21356646,3,7,11400,0,800,1920,613,162,783,332,28900,0.019,,
2294918,8879940,21356646,3,7,11568,0,800,1920,578,127,748,297,28900,0.019,,
2294919,8879940,21356646,3,7,11592,0,800,1920,613,162,783,332,28900,0.019,,
2294920,8879940,21356646,3,7,11640,0,800,1920,596,179,766,349,28900,0.019,,
2294921,8879940,21356646,3,7,11664,0,800,1920,455,169,658,373,41412,0.027,,
2294922,8879940,21356646,3,7,11688,0,800,1920,434,189,638,393,41616,0.027,,
2294923,8879940,21356646,3,7,11712,0,800,1920,455,210,658,414,41412,0.027,,
2294924,8879940,21356646,3,7,11736,0,800,1920,455,189,658,393,41412,0.027,,
2294925,8879940,21356646,3,7,11760,0,800,1920,1060,142,1202,283,20022,0.013,,
2294926,8879940,21356646,3,7,11784,0,800,1920,1017,127,1159,269,20164,0.013,,
2294927,8879940,21356646,3,7,11808,0,800,1920,1008,110,1178,280,28900,0.019,,
2294928,8879940,21356646,3,7,11832,0,800,1920,1008,110,1178,280,28900,0.019,,
2294929,8879940,21356646,3,7,11856,0,800,1920,1017,113,1159,255,20164,0.013,,
2294930,8879940,21356646,3,7,11880,0,800,1920,1017,156,1159,298,20164,0.013,,
2294931,8879940,21356646,3,7,11928,0,800,1920,1046,142,1188,283,20022,0.013,,
2294932,8879940,21356646,3,7,11952,0,800,1920,1060,127,1202,269,20164,0.013,,
2294933,8879940,21356646,3,7,12024,0,800,1920,517,127,720,331,41412,0.027,,
2294934,8879940,21356646,3,7,12048,0,800,1920,733,145,903,315,28900,0.019,,
2294935,8879940,21356646,3,7,12072,0,800,1920,750,145,920,315,28900,0.019,,
2294936,8879940,21356646,3,7,12096,0,800,1920,750,127,920,297,28900,0.019,,
2294937,8879940,21356646,3,7,12120,0,800,1920,750,162,920,332,28900,0.019,,
2294938,8879940,21356646,3,7,12144,0,800,1920,750,145,920,315,28900,0.019,,
2294939,8879940,21356646,3,7,12168,0,800,1920,716,110,886,280,28900,0.019,,
2294940,8879940,21356646,3,7,12264,0,800,1920,578,179,748,349,28900,0.019,,
2294941,8879940,21356646,3,7,12288,0,800,1920,558,189,762,393,41616,0.027,,
2294942,8879940,21356646,3,7,12312,0,800,1920,558,169,762,373,41616,0.027,,
2294943,8879940,21356646,3,7,12336,0,800,1920,578,148,782,352,41616,0.027,,
2294944,8879940,21356646,3,7,12360,0,800,1920,716,145,886,315,28900,0.019,,
2294945,8879940,21356646,3,7,12384,0,800,1920,716,145,886,315,28900,0.019,,
2294946,8879940,21356646,3,7,12408,0,800,1920,477,119,575,217,9604,0.006,,
2294947,8879940,21356646,3,7,12432,0,800,1920,464,119,582,237,13924,0.009,,
2294948,8879940,21356646,3,7,12456,0,800,1920,464,119,582,237,13924,0.009,,
2294949,8879940,21356646,3,7,12528,0,800,1920,1103,156,1245,298,20164,0.013,,
2294950,8879940,21356646,3,7,12552,0,800,1920,1094,110,1264,280,28900,0.019,,
2294951,8879940,21356646,3,7,12576,0,800,1920,1094,145,1264,315,28900,0.019,,
2294952,8879940,21356646,3,7,12600,0,800,1920,544,179,714,349,28900,0.019,,
2294953,8879940,21356646,3,7,12648,0,800,1920,517,169,720,373,41412,0.027,,
2294954,8879940,21356646,3,7,12672,0,800,1920,1094,145,1264,315,28900,0.019,,
2294955,8879940,21356646,3,7,12696,0,800,1920,1094,162,1264,332,28900,0.019,,
2294956,8879940,21356646,3,7,12720,0,800,1920,558,169,762,373,41616,0.027,,
2294957,8879940,21356646,3,7,12864,0,800,1920,1218,156,1360,298,20164,0.013,,
2294958,8879940,21356646,3,7,12888,0,800,1920,1232,156,1374,298,20164,0.013,,
2294959,8879940,21356646,3,7,12912,0,800,1920,1189,127,1331,269,20164,0.013,,
2294960,8879940,21356646,3,7,12960,0,800,1920,575,225,657,306,6642,0.004,,
2294961,8879940,21356646,3,7,12984,0,800,1920,584,225,666,306,6642,0.004,,
2294962,8879940,21356646,3,7,13008,0,800,1920,575,216,657,298,6724,0.004,,
2294963,8879940,21356646,3,7,13032,0,800,1920,592,225,674,306,6642,0.004,,
2294964,8879940,21356646,3,7,13104,0,800,1920,600,233,682,315,6724,0.004,,
2294965,8879940,21356646,3,7,13128,0,800,1920,592,208,674,290,6724,0.004,,
2294966,8879940,21356646,3,7,13152,0,800,1920,575,216,657,298,6724,0.004,,
2294967,8879940,21356646,3,7,13176,0,800,1920,575,216,657,298,6724,0.004,,
2294968,8879940,21356646,3,7,13200,0,800,1920,559,200,641,282,6724,0.004,,
2294969,8879940,21356646,3,7,13344,0,800,1920,620,169,824,373,41616,0.027,,
2294970,8879940,21356646,3,7,13368,0,800,1920,640,189,844,393,41616,0.027,,
2294971,8879940,21356646,3,7,13392,0,800,1920,657,159,902,404,60025,0.039,,
2294972,8879940,21356646,3,7,13752,0,800,1920,1413,473,1452,513,1560,0.001,,
2294973,8879940,21356646,3,7,13776,0,800,1920,727,107,845,225,13924,0.009,,
2294974,8879940,21356646,3,7,13776,1,800,1920,977,334,1095,452,13924,0.009,,
2294975,8879940,21356646,3,7,13800,0,800,1920,954,394,1071,512,13806,0.009,,
2294976,8879940,21356646,3,7,13800,1,800,1920,607,167,725,285,13924,0.009,,
2294977,8879940,21356646,3,7,13824,0,800,1920,559,156,700,298,20022,0.013,,
2294978,8879940,21356646,3,7,13824,1,800,1920,989,430,1107,548,13924,0.009,,
2294979,8879940,21356646,3,7,13848,0,800,1920,942,454,1060,572,13924,0.009,,
2294980,8879940,21356646,3,7,13848,1,800,1920,430,156,571,298,20022,0.013,,
2294981,8879940,21356646,3,7,13872,0,800,1920,858,466,976,584,13924,0.009,,
2294982,8879940,21356646,3,7,13872,1,800,1920,387,142,528,283,19881,0.013,,
2294983,8879940,21356646,3,7,13896,0,800,1920,1001,454,1119,572,13924,0.009,,
2294984,8879940,21356646,3,7,13896,1,800,1920,387,127,528,269,20022,0.013,,
2294985,8879940,21356646,3,7,13920,0,800,1920,1146,443,1288,584,20022,0.013,,
2294986,8879940,21356646,3,7,13920,1,800,1920,602,185,743,326,19881,0.013,,
2294987,8879940,21356646,3,7,13944,0,800,1920,1275,457,1417,599,20164,0.013,,
2294988,8879940,21356646,3,7,13944,1,800,1920,733,145,903,315,28900,0.019,,
2294989,8879940,21356646,3,7,13968,0,800,1920,682,110,852,280,28900,0.019,,
2294990,8879940,21356646,3,7,13968,1,800,1920,1266,471,1436,641,28900,0.019,,
2294991,8879940,21356646,3,7,13992,0,800,1920,492,145,662,315,28900,0.019,,
2294992,8879940,21356646,3,7,14016,0,800,1920,602,170,743,312,20022,0.013,,
2294993,8879940,21356646,3,7,14016,1,800,1920,950,520,1154,723,41412,0.027,,
2294994,8879940,21356646,3,7,14040,0,800,1920,888,145,1058,315,28900,0.019,,
2294995,8879940,21356646,3,7,14040,1,800,1920,1163,454,1333,624,28900,0.019,,
2294996,8879940,21356646,3,7,14064,0,800,1920,768,162,938,332,28900,0.019,,
2294997,8879940,21356646,3,7,14064,1,800,1920,1284,471,1453,641,28730,0.019,,
2294998,8879940,21356646,3,7,14088,0,800,1920,785,145,955,315,28900,0.019,,
2294999,8879940,21356646,3,7,14088,1,800,1920,1232,437,1402,607,28900,0.019,,
2295000,8879940,21356646,3,7,14112,0,800,1920,688,170,829,312,20022,0.013,,
2295001,8879940,21356646,3,7,14112,1,800,1920,1215,420,1385,590,28900,0.019,,
2295002,8879940,21356646,3,7,14136,0,800,1920,645,156,786,298,20022,0.013,,
2295003,8879940,21356646,3,7,14136,1,800,1920,1180,403,1350,573,28900,0.019,,
2295004,8879940,21356646,3,7,14160,0,800,1920,630,156,772,298,20164,0.013,,
2295005,8879940,21356646,3,7,14160,1,800,1920,1163,403,1333,573,28900,0.019,,
2295006,8879940,21356646,3,7,14184,0,800,1920,630,127,800,297,28900,0.019,,
2295007,8879940,21356646,3,7,14184,1,800,1920,1146,385,1316,555,28900,0.019,,
2295008,8879940,21356646,3,7,14208,0,800,1920,613,127,783,297,28900,0.019,,
2295009,8879940,21356646,3,7,14208,1,800,1920,1129,385,1299,555,28900,0.019,,
2295010,8879940,21356646,3,7,14232,0,800,1920,616,142,758,283,20022,0.013,,
2295011,8879940,21356646,3,7,14232,1,800,1920,1146,400,1288,541,20022,0.013,,
2295012,8879940,21356646,3,7,14256,0,800,1920,1161,400,1302,541,19881,0.013,,
2295013,8879940,21356646,3,7,14256,1,800,1920,630,179,800,349,28900,0.019,,
2295014,8879940,21356646,3,7,14280,0,800,1920,1161,400,1302,541,19881,0.013,,
2295015,8879940,21356646,3,7,14280,1,800,1920,587,170,729,312,20164,0.013,,
2295016,8879940,21356646,3,7,14304,0,800,1920,1118,400,1259,541,19881,0.013,,
2295017,8879940,21356646,3,7,14304,1,800,1920,602,213,743,355,20022,0.013,,
2295018,8879940,21356646,3,7,14328,0,800,1920,1189,400,1331,541,20022,0.013,,
2295019,8879940,21356646,3,7,14328,1,800,1920,573,113,715,255,20164,0.013,,
2295020,8879940,21356646,3,7,14352,0,800,1920,1118,414,1259,556,20022,0.013,,
2295021,8879940,21356646,3,7,14352,1,800,1920,645,127,786,269,20022,0.013,,
2295022,8879940,21356646,3,7,14376,0,800,1920,1089,414,1231,556,20164,0.013,,
2295023,8879940,21356646,3,7,14376,1,800,1920,716,113,858,255,20164,0.013,,
2295024,8879940,21356646,3,7,14400,0,800,1920,691,155,809,273,13924,0.009,,
2295025,8879940,21356646,3,7,14400,1,800,1920,1132,443,1274,584,20022,0.013,,
2295026,8879940,21356646,3,7,14424,0,800,1920,688,170,829,312,20022,0.013,,
2295027,8879940,21356646,3,7,14424,1,800,1920,1118,428,1259,570,20022,0.013,,
2295028,8879940,21356646,3,7,14448,0,800,1920,688,142,829,283,19881,0.013,,
2295029,8879940,21356646,3,7,14448,1,800,1920,1089,428,1231,570,20164,0.013,,
2295030,8879940,21356646,3,7,14472,0,800,1920,673,142,815,283,20022,0.013,,
2295031,8879940,21356646,3,7,14472,1,800,1920,1089,414,1231,556,20164,0.013,,
2295032,8879940,21356646,3,7,14496,0,800,1920,1073,406,1191,524,13924,0.009,,
2295033,8879940,21356646,3,7,14496,1,800,1920,716,142,858,283,20022,0.013,,
2295034,8879940,21356646,3,7,14520,0,800,1920,727,155,845,273,13924,0.009,,
2295035,8879940,21356646,3,7,14520,1,800,1920,1060,385,1202,527,20164,0.013,,
2295036,8879940,21356646,3,7,14544,0,800,1920,1061,394,1179,512,13924,0.009,,
2295037,8879940,21356646,3,7,14544,1,800,1920,715,155,833,273,13924,0.009,,
2295038,8879940,21356646,3,7,14568,0,800,1920,1025,394,1143,512,13924,0.009,,
2295039,8879940,21356646,3,7,14568,1,800,1920,602,156,743,298,20022,0.013,,
2295040,8879940,21356646,3,7,14592,0,800,1920,516,156,657,298,20022,0.013,,
2295041,8879940,21356646,3,7,14592,1,800,1920,1037,394,1155,512,13924,0.009,,
2295042,8879940,21356646,3,7,14616,0,800,1920,965,442,1083,560,13924,0.009,,
2295043,8879940,21356646,3,7,14616,1,800,1920,535,155,653,273,13924,0.009,,
2295044,8879940,21356646,3,7,14640,0,800,1920,1037,430,1155,548,13924,0.009,,
2295045,8879940,21356646,3,7,14640,1,800,1920,630,142,772,283,20022,0.013,,
2295046,8879940,21356646,3,7,14664,0,800,1920,942,418,1060,536,13924,0.009,,
2295047,8879940,21356646,3,7,14664,1,800,1920,667,179,785,297,13924,0.009,,
2295048,8879940,21356646,3,7,14688,0,800,1920,1013,418,1131,536,13924,0.009,,
2295049,8879940,21356646,3,7,14688,1,800,1920,673,142,815,283,20022,0.013,,
2295050,8879940,21356646,3,7,14712,0,800,1920,1049,394,1167,512,13924,0.009,,
2295051,8879940,21356646,3,7,14712,1,800,1920,731,113,872,255,20022,0.013,,
2295052,8879940,21356646,3,7,14736,0,800,1920,688,142,829,283,19881,0.013,,
2295053,8879940,21356646,3,7,14736,1,800,1920,836,523,1006,693,28900,0.019,,
2295054,8879940,21356646,3,7,14784,0,800,1920,905,626,1075,796,28900,0.019,,
2295055,8879940,21356646,3,7,14784,1,800,1920,561,145,731,315,28900,0.019,,
2295056,8879940,21356646,3,7,14808,0,800,1920,929,582,1133,785,41412,0.027,,
2295057,8879940,21356646,3,7,14856,0,800,1920,544,127,714,297,28900,0.019,,
2295058,8879940,21356646,3,7,14856,1,800,1920,918,382,1036,500,13924,0.009,,
2295059,8879940,21356646,3,7,14880,0,800,1920,1013,334,1131,452,13924,0.009,,
2295060,8879940,21356646,3,7,14880,1,800,1920,415,13,557,154,20022,0.013,,
2295061,8879940,21356646,3,7,14904,0,800,1920,1014,418,1113,516,9702,0.006,,
2295062,8879940,21356646,3,7,14928,0,800,1920,826,231,1030,435,41616,0.027,,
2295063,8879940,21356646,3,7,14952,0,800,1920,1103,234,1348,478,59780,0.039,,
2295064,8879940,21356646,3,7,14976,0,800,1920,909,251,1113,455,41616,0.027,,
2295065,8879940,21356646,3,7,15000,0,800,1920,823,188,1116,481,85849,0.056,,
2295066,8879940,21356646,3,7,15024,0,800,1920,979,209,1224,454,60025,0.039,,
2295067,8879940,21356646,3,7,15048,0,800,1920,856,234,1100,478,59536,0.039,,
2295068,8879940,21356646,3,7,15072,0,800,1920,955,234,1199,478,59536,0.039,,
2295069,8879940,21356646,3,7,15096,0,800,1920,1054,184,1298,429,59780,0.039,,
2295070,8879940,21356646,3,7,15120,0,800,1920,942,218,1235,511,85849,0.056,,
2295071,8879940,21356646,3,7,15144,0,800,1920,806,234,1051,478,59780,0.039,,
2295072,8879940,21356646,3,7,15168,0,800,1920,657,234,902,478,59780,0.039,,
2295073,8879940,21356646,3,7,15192,0,800,1920,608,382,852,627,59780,0.039,,
2295074,8879940,21356646,3,7,15240,0,800,1920,410,184,654,429,59780,0.039,,
2295075,8879940,21356646,3,7,15264,0,800,1920,1260,375,1463,579,41412,0.027,,
2295076,8879940,21356646,3,7,15288,0,800,1920,1115,272,1319,476,41616,0.027,,
2295077,8879940,21356646,3,7,15312,0,800,1920,880,159,1125,404,60025,0.039,,
2295078,8879940,21356646,3,7,15336,0,800,1920,955,159,1199,404,59780,0.039,,
2295079,8879940,21356646,3,7,15360,0,800,1920,212,209,456,454,59780,0.039,,
2295080,8879940,21356646,3,7,15384,0,800,1920,407,158,700,452,86142,0.056,,
2295081,8879940,21356646,3,7,15408,0,800,1920,248,204,600,556,123904,0.081,,
2295082,8879940,21356646,3,7,15432,0,800,1920,1348,514,1466,632,13924,0.009,,
2295083,8879940,21356646,3,7,15432,1,800,1920,544,213,714,383,28900,0.019,,
2295084,8879940,21356646,3,7,15456,0,800,1920,1336,502,1454,620,13924,0.009,,
2295085,8879940,21356646,3,7,15480,0,800,1920,1324,502,1442,620,13924,0.009,,
2295086,8879940,21356646,3,7,15480,1,800,1920,510,231,680,401,28900,0.019,,
2295087,8879940,21356646,3,7,15504,0,800,1920,516,242,657,384,20022,0.013,,
2295088,8879940,21356646,3,7,15504,1,800,1920,1324,502,1442,620,13924,0.009,,
2295089,8879940,21356646,3,7,15528,0,800,1920,1312,502,1430,620,13924,0.009,,
2295090,8879940,21356646,3,7,15528,1,800,1920,487,228,629,369,20022,0.013,,
2295091,8879940,21356646,3,7,15600,0,800,1920,430,199,571,341,20022,0.013,,
2295092,8879940,21356646,3,7,15600,1,800,1920,1276,478,1394,596,13924,0.009,,
2295093,8879940,21356646,3,7,15624,0,800,1920,415,185,557,326,20022,0.013,,
2295094,8879940,21356646,3,7,15624,1,800,1920,1264,466,1382,584,13924,0.009,,
2295095,8879940,21356646,3,7,15648,0,800,1920,372,162,542,332,28900,0.019,,
2295096,8879940,21356646,3,7,15648,1,800,1920,1198,420,1367,590,28730,0.019,,
2295097,8879940,21356646,3,7,15672,0,800,1920,338,145,508,315,28900,0.019,,
2295098,8879940,21356646,3,7,15672,1,800,1920,1204,414,1345,556,20022,0.013,,
2295099,8879940,21356646,3,7,15696,0,800,1920,692,266,774,348,6724,0.004,,
2295100,8879940,21356646,3,7,15720,0,800,1920,716,298,814,397,9702,0.006,,
2295101,8879940,21356646,3,7,15744,0,800,1920,725,324,807,406,6724,0.004,,
2295102,8879940,21356646,3,7,15816,0,800,1920,297,549,415,667,13924,0.009,,
2295103,8879940,21356646,3,7,15840,0,800,1920,358,597,456,695,9604,0.006,,
2295104,8879940,21356646,3,7,15864,0,800,1920,417,627,516,725,9702,0.006,,
2295105,8879940,21356646,3,7,15864,1,800,1920,906,358,1024,476,13924,0.009,,
2295106,8879940,21356646,3,7,15888,0,800,1920,817,357,958,498,19881,0.013,,
2295107,8879940,21356646,3,7,15888,1,800,1920,467,637,565,735,9604,0.006,,
2295108,8879940,21356646,3,7,15912,0,800,1920,731,371,872,513,20022,0.013,,
2295109,8879940,21356646,3,7,15936,0,800,1920,659,328,801,470,20164,0.013,,
2295110,8879940,21356646,3,7,15960,0,800,1920,676,204,1028,556,123904,0.081,,
2295111,8879940,21356646,3,7,15984,0,800,1920,711,204,1063,556,123904,0.081,,
2295112,8879940,21356646,3,7,16008,0,800,1920,711,239,1063,591,123904,0.081,,
2295113,8879940,21356646,3,7,16032,0,800,1920,747,204,1099,556,123904,0.081,,
2295114,8879940,21356646,3,7,16056,0,800,1920,688,400,829,541,19881,0.013,,
2295115,8879940,21356646,3,7,16080,0,800,1920,906,549,1024,667,13924,0.009,,
2295116,8879940,21356646,3,7,16080,1,800,1920,517,189,720,393,41412,0.027,,
2295117,8879940,21356646,3,7,16128,0,800,1920,616,242,758,384,20164,0.013,,
2295118,8879940,21356646,3,7,16152,0,800,1920,630,213,772,355,20164,0.013,,
2295119,8879940,21356646,3,7,16152,1,800,1920,1228,418,1346,536,13924,0.009,,
2295120,8879940,21356646,3,7,16176,0,800,1920,616,185,758,326,20022,0.013,,
2295121,8879940,21356646,3,7,16176,1,800,1920,1192,382,1310,500,13924,0.009,,
2295122,8879940,21356646,3,7,16200,0,800,1920,583,191,701,309,13924,0.009,,
2295123,8879940,21356646,3,7,16200,1,800,1920,1121,382,1239,500,13924,0.009,,
2295124,8879940,21356646,3,7,16224,0,800,1920,1109,358,1227,476,13924,0.009,,
2295125,8879940,21356646,3,7,16224,1,800,1920,656,189,754,287,9604,0.006,,
2295126,8879940,21356646,3,7,16248,0,800,1920,476,215,594,333,13924,0.009,,
2295127,8879940,21356646,3,7,16248,1,800,1920,1073,478,1191,596,13924,0.009,,
2295128,8879940,21356646,3,7,16272,0,800,1920,430,199,571,341,20022,0.013,,
2295129,8879940,21356646,3,7,16272,1,800,1920,1073,382,1191,500,13924,0.009,,
2295130,8879940,21356646,3,7,16344,0,800,1920,597,380,665,448,4624,0.003,,
2295131,8879940,21356646,3,7,16392,0,800,1920,890,204,1242,556,123904,0.081,,
2295132,8879940,21356646,3,7,16416,0,800,1920,747,204,1099,556,123904,0.081,,
2295133,8879940,21356646,3,7,16440,0,800,1920,1068,168,1420,520,123904,0.081,,
2295134,8879940,21356646,3,7,16464,0,800,1920,1032,168,1384,520,123904,0.081,,
2295135,8879940,21356646,3,7,16488,0,800,1920,971,158,1265,452,86436,0.056,,
2295136,8879940,21356646,3,7,16512,0,800,1920,925,239,1277,591,123904,0.081,,
2295137,8879940,21356646,3,7,16536,0,800,1920,912,218,1205,511,85849,0.056,,
2295138,8879940,21356646,3,7,16560,0,800,1920,1001,129,1295,422,86142,0.056,,
2295139,8879940,21356646,3,7,16680,0,800,1920,1028,168,1076,215,2256,0.001,,
2295140,8879940,21356646,3,7,16680,1,800,1920,848,109,905,166,3249,0.002,,
2295141,8879940,21356646,3,7,16704,0,800,1920,843,98,899,155,3192,0.002,,
2295142,8879940,21356646,3,7,16704,1,800,1920,1038,163,1085,210,2209,0.001,,
2295143,8879940,21356646,3,7,16728,0,800,1920,843,86,899,143,3192,0.002,,
2295144,8879940,21356646,3,7,16728,1,800,1920,1027,150,1084,207,3249,0.002,,
2295145,8879940,21356646,3,7,16752,0,800,1920,509,382,753,627,59780,0.039,,
2295146,8879940,21356646,3,7,16776,0,800,1920,526,307,819,600,85849,0.056,,
2295147,8879940,21356646,3,7,16800,0,800,1920,462,239,814,591,123904,0.081,,
2295148,8879940,21356646,3,7,16896,0,800,1920,783,204,1135,556,123904,0.081,,
2295149,8879940,21356646,3,7,16920,0,800,1920,747,204,1099,556,123904,0.081,,
2295150,8879940,21356646,3,7,16944,0,800,1920,797,103,865,171,4624,0.003,,
2295151,8879940,21356646,3,7,16944,1,800,1920,620,259,668,306,2256,0.001,,
2295152,8879940,21356646,3,7,16968,0,800,1920,750,109,807,166,3249,0.002,,
2295153,8879940,21356646,3,7,16968,1,800,1920,620,254,668,301,2256,0.001,,
2295154,8879940,21356646,3,7,16992,0,800,1920,1234,150,1291,207,3249,0.002,,
2295155,8879940,21356646,3,7,17016,0,800,1920,750,104,807,161,3249,0.002,,
2295156,8879940,21356646,3,7,17016,1,800,1920,611,234,679,303,4692,0.003,,
2295157,8879940,21356646,3,7,17040,0,800,1920,762,104,819,161,3249,0.002,,
2295158,8879940,21356646,3,7,17040,1,800,1920,620,245,668,292,2256,0.001,,
2295159,8879940,21356646,3,7,17064,0,800,1920,722,121,778,178,3192,0.002,,
2295160,8879940,21356646,3,7,17256,0,800,1920,1164,99,1262,198,9702,0.006,,
2295161,8879940,21356646,3,7,17280,0,800,1920,1276,167,1394,285,13924,0.009,,
2295162,8879940,21356646,3,7,17472,0,800,1920,768,57,1191,480,178929,0.116,,
2295163,8879940,21356646,3,7,17496,0,800,1920,683,15,1105,437,178084,0.116,,
2295164,8879940,21356646,3,7,17520,0,800,1920,554,57,977,480,178929,0.116,,
2295165,8879940,21356646,3,7,17544,0,800,1920,747,97,1099,449,123904,0.081,,
2295166,8879940,21356646,3,7,17592,0,800,1920,537,95,1044,602,257049,0.167,,
2295167,8879940,21356646,3,7,17616,0,800,1920,640,146,1147,653,257049,0.167,,
2295168,8879940,21356646,3,7,17640,0,800,1920,640,143,1063,566,178929,0.116,,
2295169,8879940,21356646,3,7,17664,0,800,1920,747,97,1099,449,123904,0.081,,
2295170,8879940,21356646,3,7,17688,0,800,1920,726,57,1148,480,178506,0.116,,
2295171,8879940,21356646,3,7,17712,0,800,1920,768,100,1191,523,178929,0.116,,
2295172,8879940,21356646,3,7,17760,0,800,1920,811,57,1234,480,178929,0.116,,
2295173,8879940,21356646,3,7,17784,0,800,1920,597,57,1020,480,178929,0.116,,
2295174,8879940,21356646,3,7,17808,0,800,1920,897,229,1319,651,178084,0.116,,
2295175,8879940,21356646,3,7,17832,0,800,1920,854,229,1277,651,178506,0.116,,
2295176,8879940,21356646,3,7,17856,0,800,1920,1004,234,1249,478,59780,0.039,,
2295177,8879940,21356646,3,7,17880,0,800,1920,950,396,1154,600,41616,0.027,,
2295178,8879940,21356646,3,7,17976,0,800,1920,311,259,555,503,59536,0.039,,
2295179,8879940,21356646,3,7,18168,0,800,1920,852,158,1146,452,86436,0.056,,
2295180,8879940,21356646,3,7,18216,0,800,1920,462,239,814,591,123904,0.081,,
2295181,8879940,21356646,3,7,18264,0,800,1920,1031,129,1324,422,85849,0.056,,
2295182,8879940,21356646,3,7,18288,0,800,1920,961,61,1313,413,123904,0.081,,
2295183,8879940,21356646,3,7,18312,0,800,1920,676,97,1028,449,123904,0.081,,
2295184,8879940,21356646,3,7,18336,0,800,1920,854,229,1277,651,178506,0.116,,
2295185,8879940,21356646,3,7,18360,0,800,1920,811,229,1234,651,178506,0.116,,
2295186,8879940,21356646,3,7,18384,0,800,1920,940,271,1362,694,178506,0.116,,
2295187,8879940,21356646,3,7,18408,0,800,1920,897,229,1319,651,178084,0.116,,
2295188,8879940,21356646,3,7,18456,0,800,1920,997,204,1349,556,123904,0.081,,
2295189,8879940,21356646,3,7,18504,0,800,1920,661,189,865,393,41616,0.027,,
2295190,8879940,21356646,3,7,18528,0,800,1920,455,210,658,414,41412,0.027,,
2295191,8879940,21356646,3,7,18552,0,800,1920,613,179,783,349,28900,0.019,,
2295192,8879940,21356646,3,7,18576,0,800,1920,756,184,1001,429,60025,0.039,,
2295193,8879940,21356646,3,7,18600,0,800,1920,723,189,927,393,41616,0.027,,
2295194,8879940,21356646,3,7,18624,0,800,1920,682,169,885,373,41412,0.027,,
2295195,8879940,21356646,3,7,18648,0,800,1920,764,169,968,373,41616,0.027,,
2295196,8879940,21356646,3,7,18696,0,800,1920,991,210,1195,414,41616,0.027,,
2295197,8879940,21356646,3,7,18720,0,800,1920,1074,189,1278,393,41616,0.027,,
2295198,8879940,21356646,3,7,18744,0,800,1920,818,204,1170,556,123904,0.081,,
2295199,8879940,21356646,3,7,18816,0,800,1920,492,196,662,366,28900,0.019,,
2295200,8879940,21356646,3,7,18840,0,800,1920,682,162,852,332,28900,0.019,,
2295201,8879940,21356646,3,7,18864,0,800,1920,716,162,886,332,28900,0.019,,
2295202,8879940,21356646,3,7,18888,0,800,1920,688,213,829,355,20022,0.013,,
2295203,8879940,21356646,3,7,19152,0,800,1920,578,148,782,352,41616,0.027,,
2295204,8879940,21356646,3,7,19176,0,800,1920,847,86,1051,290,41616,0.027,,
2295205,8879940,21356646,3,7,19176,1,800,1920,682,403,852,573,28900,0.019,,
2295206,8879940,21356646,3,7,19200,0,800,1920,682,420,852,590,28900,0.019,,
2295207,8879940,21356646,3,7,19200,1,800,1920,888,86,1092,290,41616,0.027,,
2295208,8879940,21356646,3,7,19224,0,800,1920,699,489,869,659,28900,0.019,,
2295209,8879940,21356646,3,7,19224,1,800,1920,867,66,1071,269,41412,0.027,,
2295210,8879940,21356646,3,7,19248,0,800,1920,1039,186,1107,254,4624,0.003,,
2295211,8879940,21356646,3,7,19296,0,800,1920,931,127,1073,269,20164,0.013,,
2295212,8879940,21356646,3,7,19296,1,800,1920,745,371,887,513,20164,0.013,,
2295213,8879940,21356646,3,7,19320,0,800,1920,903,142,1044,283,19881,0.013,,
2295214,8879940,21356646,3,7,19320,1,800,1920,716,351,886,521,28900,0.019,,
2295215,8879940,21356646,3,7,19344,0,800,1920,888,142,1030,283,20022,0.013,,
2295216,8879940,21356646,3,7,19344,1,800,1920,786,346,904,464,13924,0.009,,
2295217,8879940,21356646,3,7,19440,0,800,1920,731,314,872,455,19881,0.013,,
2295218,8879940,21356646,3,7,19440,1,800,1920,931,99,1073,240,20022,0.013,,
2295219,8879940,21356646,3,7,19464,0,800,1920,716,334,886,504,28900,0.019,,
2295220,8879940,21356646,3,7,19464,1,800,1920,922,76,1092,246,28900,0.019,,
2295221,8879940,21356646,3,7,19488,0,800,1920,917,84,1059,226,20164,0.013,,
2295222,8879940,21356646,3,7,19488,1,800,1920,716,334,886,504,28900,0.019,,
2295223,8879940,21356646,3,7,19584,0,800,1920,661,396,865,600,41616,0.027,,
2295224,8879940,21356646,3,7,19584,1,800,1920,836,93,1006,263,28900,0.019,,
2295225,8879940,21356646,3,7,19608,0,800,1920,785,110,955,280,28900,0.019,,
2295226,8879940,21356646,3,7,19608,1,800,1920,640,416,844,620,41616,0.027,,
2295227,8879940,21356646,3,7,19704,0,800,1920,534,135,778,379,59536,0.039,,
2295228,8879940,21356646,3,7,19728,0,800,1920,768,523,938,693,28900,0.019,,
2295229,8879940,21356646,3,7,19728,1,800,1920,950,127,1154,331,41616,0.027,,
2295230,8879940,21356646,3,7,19752,0,800,1920,785,471,955,641,28900,0.019,,
2295231,8879940,21356646,3,7,19752,1,800,1920,950,189,1154,393,41616,0.027,,
2295232,8879940,21356646,3,7,19776,0,800,1920,929,210,1133,414,41616,0.027,,
2295233,8879940,21356646,3,7,19776,1,800,1920,802,454,972,624,28900,0.019,,
2295234,8879940,21356646,3,7,19800,0,800,1920,802,437,972,607,28900,0.019,,
2295235,8879940,21356646,3,7,19800,1,800,1920,929,210,1133,414,41616,0.027,,
2295236,8879940,21356646,3,7,19824,0,800,1920,608,135,852,379,59536,0.039,,
2295237,8879940,21356646,3,7,19848,0,800,1920,608,110,852,355,59780,0.039,,
2295238,8879940,21356646,3,7,19872,0,800,1920,946,185,1087,326,19881,0.013,,
2295239,8879940,21356646,3,7,19872,1,800,1920,759,371,901,513,20164,0.013,,
2295240,8879940,21356646,3,7,19896,0,800,1920,965,143,1083,261,13924,0.009,,
2295241,8879940,21356646,3,7,19896,1,800,1920,750,368,920,538,28900,0.019,,
2295242,8879940,21356646,3,7,19944,0,800,1920,1089,543,1231,685,20164,0.013,,
2295243,8879940,21356646,3,7,19944,1,800,1920,459,135,704,379,59780,0.039,,
2295244,8879940,21356646,3,7,19968,0,800,1920,509,135,753,379,59536,0.039,,
2295245,8879940,21356646,3,7,19992,0,800,1920,1146,557,1288,699,20164,0.013,,
2295246,8879940,21356646,3,7,19992,1,800,1920,509,184,753,429,59780,0.039,,
2295247,8879940,21356646,3,7,20016,0,800,1920,1146,454,1316,624,28900,0.019,,
2295248,8879940,21356646,3,7,20040,0,800,1920,797,193,865,261,4624,0.003,,
2295249,8879940,21356646,3,7,20064,0,800,1920,783,200,852,268,4692,0.003,,
2295250,8879940,21356646,3,7,20088,0,800,1920,776,214,845,282,4692,0.003,,
2295251,8879940,21356646,3,7,20088,1,800,1920,1413,109,1511,208,9702,0.006,,
2295252,8879940,21356646,3,7,20112,0,800,1920,763,207,831,275,4624,0.003,,
2295253,8879940,21356646,3,7,20112,1,800,1920,1383,99,1481,198,9702,0.006,,
2295254,8879940,21356646,3,7,20136,0,800,1920,989,299,1130,441,20022,0.013,,
2295255,8879940,21356646,3,7,20184,0,800,1920,854,145,1024,315,28900,0.019,,
2295256,8879940,21356646,3,7,20208,0,800,1920,407,229,506,327,9702,0.006,,
2295257,8879940,21356646,3,7,20208,1,800,1920,1252,107,1370,225,13924,0.009,,
2295258,8879940,21356646,3,7,20232,0,800,1920,1247,99,1388,240,19881,0.013,,
2295259,8879940,21356646,3,7,20232,1,800,1920,407,229,506,327,9702,0.006,,
2295260,8879940,21356646,3,7,20256,0,800,1920,1094,196,1264,366,28900,0.019,,
2295261,8879940,21356646,3,7,20280,0,800,1920,1094,179,1264,349,28900,0.019,,
2295262,8879940,21356646,3,7,20304,0,800,1920,1115,169,1319,373,41616,0.027,,
2295263,8879940,21356646,3,7,20328,0,800,1920,742,200,810,268,4624,0.003,,
2295264,8879940,21356646,3,7,20640,0,800,1920,1075,70,1216,212,20022,0.013,,
2295265,8879940,21356646,3,7,20664,0,800,1920,1189,113,1331,255,20164,0.013,,
2295266,8879940,21356646,3,7,20688,0,800,1920,1075,113,1216,255,20022,0.013,,
2295267,8879940,21356646,3,7,20712,0,800,1920,633,135,877,379,59536,0.039,,
2295268,8879940,21356646,3,7,20736,0,800,1920,633,135,877,379,59536,0.039,,
2295269,8879940,21356646,3,7,20808,0,800,1920,1103,209,1348,454,60025,0.039,,
2295270,8879940,21356646,3,7,20832,0,800,1920,1103,209,1348,454,60025,0.039,,
2295271,8879940,21356646,3,7,20856,0,800,1920,971,188,1265,481,86142,0.056,,
2295272,8879940,21356646,3,7,20904,0,800,1920,942,188,1235,481,85849,0.056,,
2295273,8879940,21356646,3,7,20928,0,800,1920,942,188,1235,481,85849,0.056,,
2295274,8879940,21356646,3,7,20952,0,800,1920,971,158,1265,452,86436,0.056,,
2295275,8879940,21356646,3,7,20976,0,800,1920,971,158,1265,452,86436,0.056,,
2295276,8879940,21356646,3,7,21000,0,800,1920,971,158,1265,452,86436,0.056,,
2295277,8879940,21356646,3,7,21024,0,800,1920,1001,158,1295,452,86436,0.056,,
2295278,8879940,21356646,3,7,21048,0,800,1920,1031,158,1324,452,86142,0.056,,
2295279,8879940,21356646,3,7,21072,0,800,1920,1061,158,1354,452,86142,0.056,,
2295280,8879940,21356646,3,7,21096,0,800,1920,1061,158,1354,452,86142,0.056,,
2295281,8879940,21356646,3,7,21120,0,800,1920,1150,188,1443,481,85849,0.056,,
2295282,8879940,21356646,3,7,21144,0,800,1920,1150,188,1443,481,85849,0.056,,
2295283,8879940,21356646,3,7,21192,0,800,1920,436,158,730,452,86436,0.056,,
2295284,8879940,21356646,3,7,21216,0,800,1920,407,158,700,452,86142,0.056,,
2295285,8879940,21356646,3,7,21888,0,800,1920,756,229,854,327,9604,0.006,,
2295286,8879940,21356646,3,7,21912,0,800,1920,822,179,940,297,13924,0.009,,
2295287,8879940,21356646,3,7,21984,0,800,1920,1065,166,1147,248,6724,0.004,,
2295288,8879940,21356646,3,7,22008,0,800,1920,1073,166,1155,248,6724,0.004,,
2295289,8879940,21356646,3,7,22032,0,800,1920,1081,166,1163,248,6724,0.004,,
2295290,8879940,21356646,3,7,22056,0,800,1920,1106,158,1188,240,6724,0.004,,
2295291,8879940,21356646,3,7,22080,0,800,1920,1189,175,1271,257,6724,0.004,,
2295292,8879940,21356646,3,7,22104,0,800,1920,1253,179,1352,277,9702,0.006,,
2295293,8879940,21356646,3,7,22128,0,800,1920,1304,156,1446,298,20164,0.013,,
2295294,8879940,21356646,3,7,22152,0,800,1920,1136,210,1340,414,41616,0.027,,
2295295,8879940,21356646,3,7,22176,0,800,1920,599,231,803,435,41616,0.027,,
2295296,8879940,21356646,3,7,22200,0,800,1920,707,209,952,454,60025,0.039,,
2295297,8879940,21356646,3,7,22272,0,800,1920,1078,234,1323,478,59780,0.039,,
2295298,8879940,21356646,3,7,22464,0,800,1920,704,188,997,481,85849,0.056,,
2295299,8879940,21356646,3,7,22488,0,800,1920,756,209,1001,454,60025,0.039,,
2295300,8879940,21356646,3,7,22512,0,800,1920,806,209,1051,454,60025,0.039,,
2295301,8879940,21356646,3,7,22536,0,800,1920,831,234,1075,478,59536,0.039,,
2295302,8879940,21356646,3,7,22560,0,800,1920,831,234,1075,478,59536,0.039,,
2295303,8879940,21356646,3,7,23760,0,800,1920,974,231,1144,401,28900,0.019,,
2295304,8879940,21356646,3,7,23784,0,800,1920,991,231,1161,401,28900,0.019,,
2295305,8879940,21356646,3,7,23808,0,800,1920,1008,213,1178,383,28900,0.019,,
2295306,8879940,21356646,3,7,23832,0,800,1920,1026,231,1195,401,28730,0.019,,
2295307,8879940,21356646,3,7,24144,0,800,1920,1301,162,1471,332,28900,0.019,,
2295308,8879940,21356646,3,7,24168,0,800,1920,1301,162,1471,332,28900,0.019,,
2295309,8879940,21356646,3,7,24192,0,800,1920,1445,127,1649,331,41616,0.027,,
2295310,8879940,21356646,3,7,24216,0,800,1920,1277,234,1521,478,59536,0.039,,
2295311,8879940,21356646,3,7,24240,0,800,1920,1179,337,1473,630,86142,0.056,,
2295312,8879940,21356646,3,7,24264,0,800,1920,1104,204,1456,556,123904,0.081,,
2295313,8879940,21356646,3,7,24312,0,800,1920,823,188,1116,481,85849,0.056,,
2295314,8879940,21356646,3,7,24336,0,800,1920,971,188,1265,481,86142,0.056,,
2295315,8879940,21356646,3,7,24360,0,800,1920,1353,132,1705,484,123904,0.081,,
2295316,8879940,21356646,3,7,24384,0,800,1920,1447,218,1740,511,85849,0.056,,
2295317,8879940,21356646,3,7,24408,0,800,1920,657,259,902,503,59780,0.039,,
2295318,8879940,21356646,3,7,25272,0,800,1920,1178,184,1422,429,59780,0.039,,
2295319,8879940,21356646,3,7,25296,0,800,1920,1178,184,1422,429,59780,0.039,,
2295320,8879940,21356646,3,7,26208,0,800,1920,1029,308,1273,553,59780,0.039,,
2295321,8879940,21356646,3,7,27000,0,800,1920,608,159,852,404,59780,0.039,,
2295322,8879940,21356646,3,7,27024,0,800,1920,615,188,908,481,85849,0.056,,
2295323,8879940,21356646,3,7,27048,0,800,1920,674,188,968,481,86142,0.056,,
2295324,8879940,21356646,3,7,27072,0,800,1920,615,158,908,452,86142,0.056,,
2295325,8879940,21356646,3,7,27096,0,800,1920,585,158,878,452,86142,0.056,,
2295326,8879940,21356646,3,7,27168,0,800,1920,860,530,917,587,3249,0.002,,
2295327,8879940,21356646,3,7,27168,1,800,1920,1025,289,1064,329,1560,0.001,,
2295328,8879940,21356646,3,7,27168,2,800,1920,833,369,872,409,1560,0.001,,
2295329,8879940,21356646,3,7,27168,3,800,1920,853,453,892,493,1560,0.001,,
2295330,8879940,21356646,3,7,27168,4,800,1920,1172,480,1220,527,2256,0.001,,
2295331,8879940,21356646,3,7,27168,5,800,1920,683,465,730,513,2256,0.001,,
2295332,8879940,21356646,3,7,27168,6,800,1920,1805,329,1844,369,1560,0.001,,
2295333,8879940,21356646,3,7,27168,7,800,1920,421,333,460,373,1560,0.001,,
2295334,8879940,21356646,3,7,27168,8,800,1920,521,265,560,305,1560,0.001,,
2295335,8879940,21356646,3,7,27168,9,800,1920,1613,559,1681,627,4624,0.003,,
2295336,8879940,21356646,3,7,27168,10,800,1920,1509,297,1548,337,1560,0.001,,
2295337,8879940,21356646,3,7,27168,11,800,1920,1729,489,1776,537,2256,0.001,,
2295338,8879940,21356646,3,7,27168,12,800,1920,877,285,916,325,1560,0.001,,
2295339,8879940,21356646,3,7,27168,13,800,1920,990,484,1037,532,2256,0.001,,
2295340,8879940,21356646,3,7,27168,14,800,1920,405,281,444,321,1560,0.001,,
2295341,8879940,21356646,3,7,27168,15,800,1920,529,432,576,479,2209,0.001,,
2295342,8879940,21356646,3,7,27168,16,800,1920,1453,393,1492,433,1560,0.001,,
2295343,8879940,21356646,3,7,27168,17,800,1920,1661,301,1700,341,1560,0.001,,
2295344,8879940,21356646,3,7,27168,18,800,1920,1372,582,1429,639,3249,0.002,,
2295345,8879940,21356646,3,7,27168,19,800,1920,1125,333,1164,373,1560,0.001,,
2295346,8879940,21356646,3,7,27168,20,800,1920,1153,373,1192,413,1560,0.001,,
2295347,8879940,21356646,3,7,27168,21,800,1920,635,536,692,592,3192,0.002,,
2295348,8879940,21356646,3,7,27192,0,800,1920,866,530,922,587,3192,0.002,,
2295349,8879940,21356646,3,7,27192,1,800,1920,1261,189,1300,229,1560,0.001,,
2295350,8879940,21356646,3,7,27192,2,800,1920,1033,293,1072,333,1560,0.001,,
2295351,8879940,21356646,3,7,27192,3,800,1920,846,451,893,498,2209,0.001,,
2295352,8879940,21356646,3,7,27192,4,800,1920,1613,559,1681,627,4624,0.003,,
2295353,8879940,21356646,3,7,27192,5,800,1920,837,365,876,405,1560,0.001,,
2295354,8879940,21356646,3,7,27192,6,800,1920,1805,329,1844,369,1560,0.001,,
2295355,8879940,21356646,3,7,27192,7,800,1920,1172,480,1220,527,2256,0.001,,
2295356,8879940,21356646,3,7,27192,8,800,1920,1724,494,1772,542,2304,0.002,,
2295357,8879940,21356646,3,7,27192,9,800,1920,174,489,221,537,2256,0.001,,
2295358,8879940,21356646,3,7,27192,10,800,1920,990,484,1037,532,2256,0.001,,
2295359,8879940,21356646,3,7,27192,11,800,1920,1517,301,1556,341,1560,0.001,,
2295360,8879940,21356646,3,7,27192,12,800,1920,1372,576,1429,633,3249,0.002,,
2295361,8879940,21356646,3,7,27192,13,800,1920,30,494,77,542,2256,0.001,,
2295362,8879940,21356646,3,7,27192,14,800,1920,1149,369,1188,409,1560,0.001,,
2295363,8879940,21356646,3,7,27192,15,800,1920,877,285,916,325,1560,0.001,,
2295364,8879940,21356646,3,7,27192,16,800,1920,977,381,1016,421,1560,0.001,,
2295365,8879940,21356646,3,7,27192,17,800,1920,1661,301,1700,341,1560,0.001,,
2295366,8879940,21356646,3,7,27240,0,800,1920,707,115,754,162,2209,0.001,,
2295367,8879940,21356646,3,7,27264,0,800,1920,716,115,764,162,2256,0.001,,
2295368,8879940,21356646,3,7,27288,0,800,1920,866,117,948,199,6724,0.004,,
2295369,8879940,21356646,3,7,27288,1,800,1920,169,523,251,605,6724,0.004,,
2295370,8879940,21356646,3,7,27288,2,800,1920,611,407,679,475,4624,0.003,,
2295371,8879940,21356646,3,7,27288,3,800,1920,733,515,815,597,6724,0.004,,
2295372,8879940,21356646,3,7,27288,4,800,1920,1430,109,1487,166,3249,0.002,,
2295373,8879940,21356646,3,7,27288,5,800,1920,94,664,176,746,6724,0.004,,
2295374,8879940,21356646,3,7,27288,6,800,1920,1666,86,1723,143,3249,0.002,,
2295375,8879940,21356646,3,7,27288,7,800,1920,667,706,749,788,6724,0.004,,
2295376,8879940,21356646,3,7,27288,8,800,1920,1504,382,1586,464,6724,0.004,,
2295377,8879940,21356646,3,7,27288,9,800,1920,327,382,409,464,6724,0.004,,
2295378,8879940,21356646,3,7,27288,10,800,1920,414,139,461,186,2209,0.001,,
2295379,8879940,21356646,3,7,27312,0,800,1920,874,125,956,207,6724,0.004,,
2295380,8879940,21356646,3,7,27312,1,800,1920,597,380,665,448,4624,0.003,,
2295381,8879940,21356646,3,7,27312,2,800,1920,1436,81,1493,137,3192,0.002,,
2295382,8879940,21356646,3,7,27312,3,800,1920,169,507,251,588,6642,0.004,,
2295383,8879940,21356646,3,7,27312,4,800,1920,667,689,749,771,6724,0.004,,
2295384,8879940,21356646,3,7,27312,5,800,1920,86,648,168,729,6642,0.004,,
2295385,8879940,21356646,3,7,27312,6,800,1920,1666,63,1723,120,3249,0.002,,
2295386,8879940,21356646,3,7,27312,7,800,1920,675,490,757,572,6724,0.004,,
2295387,8879940,21356646,3,7,27312,8,800,1920,418,523,500,605,6724,0.004,,
2295388,8879940,21356646,3,7,27312,9,800,1920,324,236,381,293,3249,0.002,,
2295389,8879940,21356646,3,7,27312,10,800,1920,327,366,409,447,6642,0.004,,
2295390,8879940,21356646,3,7,27312,11,800,1920,146,184,202,241,3192,0.002,,
2295391,8879940,21356646,3,7,27312,12,800,1920,1778,341,1860,423,6724,0.004,,
2295392,8879940,21356646,3,7,27312,13,800,1920,1721,667,1819,765,9604,0.006,,
2295393,8879940,21356646,3,7,27336,0,800,1920,750,196,920,366,28900,0.019,,
2295394,8879940,21356646,3,7,27384,0,800,1920,733,213,903,383,28900,0.019,,
2295395,8879940,21356646,3,7,27408,0,800,1920,723,189,927,393,41616,0.027,,
2295396,8879940,21356646,3,7,27432,0,800,1920,723,210,927,414,41616,0.027,,
2295397,8879940,21356646,3,7,27456,0,800,1920,682,189,885,393,41412,0.027,,
2295398,8879940,21356646,3,7,27480,0,800,1920,785,465,824,505,1560,0.001,,
2295399,8879940,21356646,3,7,27528,0,800,1920,1297,361,1336,401,1560,0.001,,
2295400,8879940,21356646,3,7,27576,0,800,1920,631,287,749,405,13924,0.009,,
2295401,8879940,21356646,3,7,27576,1,800,1920,372,231,542,401,28900,0.019,,
2295402,8879940,21356646,3,7,27600,0,800,1920,989,299,1107,417,13924,0.009,,
2295403,8879940,21356646,3,7,27600,1,800,1920,303,299,473,469,28900,0.019,,
2295404,8879940,21356646,3,7,27624,0,800,1920,1333,199,1474,341,20022,0.013,,
2295405,8879940,21356646,3,7,27624,1,800,1920,559,256,700,398,20022,0.013,,
2295406,8879940,21356646,3,7,27624,2,800,1920,1542,378,1640,476,9604,0.006,,
2295407,8879940,21356646,3,7,27648,0,800,1920,587,228,729,369,20022,0.013,,
2295408,8879940,21356646,3,7,27672,0,800,1920,596,196,766,366,28900,0.019,,
2295409,8879940,21356646,3,7,27696,0,800,1920,1043,110,1213,280,28900,0.019,,
2295410,8879940,21356646,3,7,27720,0,800,1920,1026,127,1195,297,28730,0.019,,
2295411,8879940,21356646,3,7,27744,0,800,1920,1619,256,1761,398,20164,0.013,,
2295412,8879940,21356646,3,7,27744,1,800,1920,647,231,817,401,28900,0.019,,
2295413,8879940,21356646,3,7,27768,0,800,1920,613,196,783,366,28900,0.019,,
2295414,8879940,21356646,3,7,27792,0,800,1920,587,213,729,355,20164,0.013,,
2295415,8879940,21356646,3,7,27816,0,800,1920,602,228,743,369,19881,0.013,,
2295416,8879940,21356646,3,7,27840,0,800,1920,1008,145,1178,315,28900,0.019,,
2295417,8879940,21356646,3,7,27864,0,800,1920,1046,142,1188,283,20022,0.013,,
2295418,8879940,21356646,3,7,27888,0,800,1920,510,196,680,366,28900,0.019,,
2295419,8879940,21356646,3,7,27912,0,800,1920,527,231,697,401,28900,0.019,,
2295420,8879940,21356646,3,7,27936,0,800,1920,510,231,680,401,28900,0.019,,
2295421,8879940,21356646,3,7,27960,0,800,1920,510,196,680,366,28900,0.019,,
2295422,8879940,21356646,3,7,27984,0,800,1920,559,213,700,355,20022,0.013,,
2295423,8879940,21356646,3,7,28008,0,800,1920,1043,145,1213,315,28900,0.019,,
2295424,8879940,21356646,3,7,28032,0,800,1920,1060,156,1202,298,20164,0.013,,
2295425,8879940,21356646,3,7,28056,0,800,1920,1077,127,1247,297,28900,0.019,,
2295426,8879940,21356646,3,7,28080,0,800,1920,1077,93,1247,263,28900,0.019,,
2295427,8879940,21356646,3,7,28368,0,800,1920,891,208,973,290,6724,0.004,,
2295428,8879940,21356646,3,7,28440,0,800,1920,806,148,1009,352,41412,0.027,,
2295429,8879940,21356646,3,7,28464,0,800,1920,699,162,869,332,28900,0.019,,
2295430,8879940,21356646,3,7,28488,0,800,1920,716,179,886,349,28900,0.019,,
2295431,8879940,21356646,3,7,28512,0,800,1920,716,179,886,349,28900,0.019,,
2295432,8879940,21356646,3,7,28536,0,800,1920,733,162,903,332,28900,0.019,,
2295433,8879940,21356646,3,7,28608,0,800,1920,979,110,1224,355,60025,0.039,,
2295434,8879940,21356646,3,7,28656,0,800,1920,702,199,844,341,20164,0.013,,
2295435,8879940,21356646,3,7,28656,1,800,1920,657,135,902,379,59780,0.039,,
2295436,8879940,21356646,3,7,28680,0,800,1920,702,199,844,341,20164,0.013,,
2295437,8879940,21356646,3,7,28704,0,800,1920,702,199,844,341,20164,0.013,,
2295438,8879940,21356646,3,7,28704,1,800,1920,657,135,902,379,59780,0.039,,
2295439,8879940,21356646,3,7,28728,0,800,1920,733,196,903,366,28900,0.019,,
2295440,8879940,21356646,3,7,28752,0,800,1920,682,162,852,332,28900,0.019,,
2295441,8879940,21356646,3,7,28776,0,800,1920,912,158,1205,452,86142,0.056,,
2295442,8879940,21356646,3,7,28800,0,800,1920,912,158,1205,452,86142,0.056,,
2295443,8879940,21356646,3,7,28824,0,800,1920,912,188,1205,481,85849,0.056,,
2295444,8879940,21356646,3,7,28848,0,800,1920,882,188,1176,481,86142,0.056,,
2295445,8879940,21356646,3,7,28872,0,800,1920,912,158,1205,452,86142,0.056,,
2295446,8879940,21356646,3,7,28896,0,800,1920,882,158,1176,452,86436,0.056,,
2295447,8879940,21356646,3,7,28992,0,800,1920,852,158,1146,452,86436,0.056,,
2295448,8879940,21356646,3,7,29016,0,800,1920,852,158,1146,452,86436,0.056,,
2295449,8879940,21356646,3,7,29040,0,800,1920,852,129,1146,422,86142,0.056,,
2295450,8879940,21356646,3,7,29064,0,800,1920,882,158,1176,452,86436,0.056,,
2295451,8879940,21356646,3,7,29088,0,800,1920,716,162,886,332,28900,0.019,,
2295452,8879940,21356646,3,7,29112,0,800,1920,723,148,927,352,41616,0.027,,
2295453,8879940,21356646,3,7,29304,0,800,1920,793,277,1087,571,86436,0.056,,
2295454,8879940,21356646,3,7,29328,0,800,1920,793,247,1087,541,86436,0.056,,
2295455,8879940,21356646,3,7,29352,0,800,1920,747,204,1099,556,123904,0.081,,
2295456,8879940,21356646,3,7,29376,0,800,1920,823,247,1116,541,86142,0.056,,
2295457,8879940,21356646,3,7,29400,0,800,1920,930,159,1174,404,59780,0.039,,
2295458,8879940,21356646,3,7,29424,0,800,1920,882,129,1176,422,86142,0.056,,
2295459,8879940,21356646,3,7,29448,0,800,1920,912,158,1205,452,86142,0.056,,
2295460,8879940,21356646,3,7,29472,0,800,1920,615,247,908,541,86142,0.056,,
2295461,8879940,21356646,3,7,29496,0,800,1920,633,283,877,528,59780,0.039,,
2295462,8879940,21356646,3,7,29520,0,800,1920,555,247,849,541,86436,0.056,,
2295463,8879940,21356646,3,7,29688,0,800,1920,733,179,903,349,28900,0.019,,
2295464,8879940,21356646,3,7,29712,0,800,1920,750,162,920,332,28900,0.019,,
2295465,8879940,21356646,3,7,29736,0,800,1920,716,196,886,366,28900,0.019,,
2295466,8879940,21356646,3,7,29760,0,800,1920,1078,135,1323,379,59780,0.039,,
2295467,8879940,21356646,3,7,29832,0,800,1920,1029,110,1273,355,59780,0.039,,
2295468,8879940,21356646,3,7,29856,0,800,1920,634,249,715,331,6642,0.004,,
2295469,8879940,21356646,3,7,29880,0,800,1920,634,249,715,331,6642,0.004,,
2295470,8879940,21356646,3,7,30000,0,800,1920,930,159,1174,404,59780,0.039,,
2295471,8879940,21356646,3,7,30072,0,800,1920,1218,189,1422,393,41616,0.027,,
2295472,8879940,21356646,3,7,30096,0,800,1920,1239,169,1443,373,41616,0.027,,
2295473,8879940,21356646,3,7,30144,0,800,1920,921,341,960,381,1560,0.001,,
2295474,8879940,21356646,3,7,30168,0,800,1920,889,321,936,369,2256,0.001,,
2295475,8879940,21356646,3,7,30216,0,800,1920,1032,199,1173,341,20022,0.013,,
2295476,8879940,21356646,3,7,30240,0,800,1920,1118,185,1259,326,19881,0.013,,
2295477,8879940,21356646,3,7,30264,0,800,1920,989,213,1130,355,20022,0.013,,
2295478,8879940,21356646,3,7,30288,0,800,1920,1180,162,1350,332,28900,0.019,,
2295479,8879940,21356646,3,7,30312,0,800,1920,1046,170,1188,312,20164,0.013,,
2295480,8879940,21356646,3,7,30336,0,800,1920,1089,170,1231,312,20164,0.013,,
2295481,8879940,21356646,3,7,30408,0,800,1920,608,135,852,379,59536,0.039,,
2295482,8879940,21356646,3,7,30432,0,800,1920,1215,127,1385,297,28900,0.019,,
2295483,8879940,21356646,3,7,30456,0,800,1920,1218,127,1422,331,41616,0.027,,
2295484,8879940,21356646,3,7,30480,0,800,1920,803,316,850,364,2256,0.001,,
2295485,8879940,21356646,3,7,30504,0,800,1920,803,312,850,359,2209,0.001,,
2295486,8879940,21356646,3,7,30528,0,800,1920,803,312,850,359,2209,0.001,,
2295487,8879940,21356646,3,7,30552,0,800,1920,512,131,630,249,13924,0.009,,
2295488,8879940,21356646,3,7,30576,0,800,1920,535,131,653,249,13924,0.009,,
2295489,8879940,21356646,3,7,30600,0,800,1920,1112,145,1281,315,28730,0.019,,
2295490,8879940,21356646,3,7,30624,0,800,1920,1077,145,1247,315,28900,0.019,,
2295491,8879940,21356646,3,7,30648,0,800,1920,424,93,594,263,28900,0.019,,
2295492,8879940,21356646,3,7,30672,0,800,1920,424,110,594,280,28900,0.019,,
2295493,8879940,21356646,3,7,30696,0,800,1920,424,110,594,280,28900,0.019,,
2295494,8879940,21356646,3,7,30720,0,800,1920,424,110,594,280,28900,0.019,,
2295495,8879940,21356646,3,7,30744,0,800,1920,458,127,600,269,20164,0.013,,
2295496,8879940,21356646,3,7,30768,0,800,1920,473,142,614,283,19881,0.013,,
2295497,8879940,21356646,3,7,30792,0,800,1920,458,127,600,269,20164,0.013,,
2295498,8879940,21356646,3,7,30816,0,800,1920,458,113,600,255,20164,0.013,,
2295499,8879940,21356646,3,7,30840,0,800,1920,487,99,629,240,20022,0.013,,
2295500,8879940,21356646,3,7,30864,0,800,1920,1112,127,1281,297,28730,0.019,,
2295501,8879940,21356646,3,7,30888,0,800,1920,406,93,576,263,28900,0.019,,
2295502,8879940,21356646,3,7,30912,0,800,1920,406,110,576,280,28900,0.019,,
2295503,8879940,21356646,3,7,30936,0,800,1920,547,368,645,466,9604,0.006,,
2295504,8879940,21356646,3,7,31032,0,800,1920,415,127,557,269,20164,0.013,,
2295505,8879940,21356646,3,7,31056,0,800,1920,444,142,586,283,20022,0.013,,
2295506,8879940,21356646,3,7,31080,0,800,1920,473,113,614,255,20022,0.013,,
2295507,8879940,21356646,3,7,31152,0,800,1920,516,99,657,240,19881,0.013,,
2295508,8879940,21356646,3,7,31176,0,800,1920,647,196,817,366,28900,0.019,,
2295509,8879940,21356646,3,7,31224,0,800,1920,1150,158,1443,452,86142,0.056,,
2295510,8879940,21356646,3,7,31248,0,800,1920,1202,209,1447,454,60025,0.039,,
2295511,8879940,21356646,3,7,31272,0,800,1920,258,247,552,541,86436,0.056,,
2295512,8879940,21356646,3,7,31296,0,800,1920,236,259,481,503,59780,0.039,,
2295513,8879940,21356646,3,7,31320,0,800,1920,236,234,481,478,59780,0.039,,
2295514,8879940,21356646,3,7,31344,0,800,1920,585,158,878,452,86142,0.056,,
2295515,8879940,21356646,3,7,31368,0,800,1920,644,158,938,452,86436,0.056,,
2295516,8879940,21356646,3,7,31392,0,800,1920,288,158,581,452,86142,0.056,,
2295517,8879940,21356646,3,7,31416,0,800,1920,360,209,605,454,60025,0.039,,
2295518,8879940,21356646,3,7,31440,0,800,1920,360,234,605,478,59780,0.039,,
2295519,8879940,21356646,3,7,31464,0,800,1920,288,218,581,511,85849,0.056,,
2295520,8879940,21356646,3,7,31488,0,800,1920,890,168,1242,520,123904,0.081,,
2295521,8879940,21356646,3,7,31512,0,800,1920,854,143,1277,566,178929,0.116,,
2295522,8879940,21356646,3,7,31536,0,800,1920,783,204,1135,556,123904,0.081,,
2295523,8879940,21356646,3,7,31560,0,800,1920,854,186,1277,608,178506,0.116,,
2295524,8879940,21356646,3,7,31608,0,800,1920,854,229,1277,651,178506,0.116,,
2295525,8879940,21356646,3,7,31800,0,800,1920,793,158,1087,452,86436,0.056,,
2295526,8879940,21356646,3,7,31824,0,800,1920,763,129,1057,422,86142,0.056,,
2295527,8879940,21356646,3,7,31848,0,800,1920,747,132,1099,484,123904,0.081,,
2295528,8879940,21356646,3,7,31872,0,800,1920,890,239,1242,591,123904,0.081,,
2295529,8879940,21356646,3,7,32328,0,800,1920,871,110,1041,280,28900,0.019,,
2295530,8879940,21356646,3,7,32376,0,800,1920,888,127,1030,269,20164,0.013,,
2295531,8879940,21356646,3,7,32400,0,800,1920,888,127,1030,269,20164,0.013,,
2295532,8879940,21356646,3,7,32472,0,800,1920,894,158,962,227,4692,0.003,,
2295533,8879940,21356646,3,7,32496,0,800,1920,969,150,1026,207,3249,0.002,,
2295534,8879940,21356646,3,7,32520,0,800,1920,969,161,1026,218,3249,0.002,,
2295535,8879940,21356646,3,7,32544,0,800,1920,975,150,1032,207,3249,0.002,,
2295536,8879940,21356646,3,7,32544,1,800,1920,526,104,583,161,3249,0.002,,
2295537,8879940,21356646,3,7,32568,0,800,1920,514,96,582,164,4624,0.003,,
2295538,8879940,21356646,3,7,32568,1,800,1920,1129,82,1197,151,4692,0.003,,
2295539,8879940,21356646,3,7,32568,2,800,1920,310,499,514,703,41616,0.027,,
2295540,8879940,21356646,3,7,32664,0,800,1920,957,127,1127,297,28900,0.019,,
2295541,8879940,21356646,3,7,32664,1,800,1920,351,24,555,228,41616,0.027,,
2295542,8879940,21356646,3,7,32688,0,800,1920,957,145,1127,315,28900,0.019,,
2295543,8879940,21356646,3,7,32688,1,800,1920,351,24,555,228,41616,0.027,,
2295544,8879940,21356646,3,7,32832,0,800,1920,899,606,981,688,6724,0.004,,
2295545,8879940,21356646,3,7,32880,0,800,1920,974,156,1116,298,20164,0.013,,
2295546,8879940,21356646,3,7,33024,0,800,1920,991,148,1195,352,41616,0.027,,
2295547,8879940,21356646,3,7,33048,0,800,1920,707,159,952,404,60025,0.039,,
2295548,8879940,21356646,3,7,33072,0,800,1920,945,139,1043,237,9604,0.006,,
2295549,8879940,21356646,3,7,33096,0,800,1920,702,127,844,269,20164,0.013,,
2295550,8879940,21356646,3,7,33120,0,800,1920,1032,380,1100,448,4624,0.003,,
2295551,8879940,21356646,3,7,33120,1,800,1920,535,24,653,142,13924,0.009,,
2295552,8879940,21356646,3,7,33144,0,800,1920,667,48,785,166,13924,0.009,,
2295553,8879940,21356646,3,7,33144,1,800,1920,188,528,236,575,2256,0.001,,
2295554,8879940,21356646,3,7,33168,0,800,1920,845,428,944,526,9702,0.006,,
2295555,8879940,21356646,3,7,33168,1,800,1920,179,523,226,570,2209,0.001,,
2295556,8879940,21356646,3,7,33192,0,800,1920,834,382,952,500,13924,0.009,,
2295557,8879940,21356646,3,7,33264,0,800,1920,762,334,880,452,13924,0.009,,
2295558,8879940,21356646,3,7,33288,0,800,1920,888,299,1030,441,20164,0.013,,
2295559,8879940,21356646,3,7,33648,0,800,1920,957,231,1127,401,28900,0.019,,
2295560,8879940,21356646,3,7,33888,0,800,1920,533,239,885,591,123904,0.081,,
2295561,8879940,21356646,3,7,33912,0,800,1920,288,99,581,392,85849,0.056,,
2295562,8879940,21356646,3,7,33936,0,800,1920,569,97,921,449,123904,0.081,,
2295563,8879940,21356646,3,7,33960,0,800,1920,569,168,921,520,123904,0.081,,
2295564,8879940,21356646,3,7,34032,0,800,1920,569,168,921,520,123904,0.081,,
2295565,8879940,21356646,3,7,34056,0,800,1920,615,218,908,511,85849,0.056,,
2295566,8879940,21356646,3,7,34344,0,800,1920,633,184,877,429,59780,0.039,,
2295567,8879940,21356646,3,7,34368,0,800,1920,633,135,877,379,59536,0.039,,
2295568,8879940,21356646,3,7,34392,0,800,1920,682,184,927,429,60025,0.039,,
2295569,8879940,21356646,3,7,34824,0,800,1920,604,168,956,520,123904,0.081,,
2295570,8879940,21356646,3,7,35136,0,800,1920,390,204,742,556,123904,0.081,,
2295571,8879940,21356646,3,7,35208,0,800,1920,882,99,1176,392,86142,0.056,,
2295572,8879940,21356646,3,7,35232,0,800,1920,882,129,1176,422,86142,0.056,,
2295573,8879940,21356646,3,7,35256,0,800,1920,942,129,1235,422,85849,0.056,,
2295574,8879940,21356646,3,7,35304,0,800,1920,912,99,1205,392,85849,0.056,,
2295575,8879940,21356646,3,7,35328,0,800,1920,912,69,1205,363,86142,0.056,,
2295576,8879940,21356646,3,7,35352,0,800,1920,905,159,1150,404,60025,0.039,,
2295577,8879940,21356646,3,7,35376,0,800,1920,1060,271,1202,412,20022,0.013,,
2295578,8879940,21356646,3,7,35376,1,800,1920,335,209,580,454,60025,0.039,,
2295579,8879940,21356646,3,7,35400,0,800,1920,974,242,1116,384,20164,0.013,,
2295580,8879940,21356646,3,7,35400,1,800,1920,1054,278,1153,377,9801,0.006,,
2295581,8879940,21356646,3,7,35424,0,800,1920,870,227,988,345,13924,0.009,,
2295582,8879940,21356646,3,7,35424,1,800,1920,925,249,1023,347,9604,0.006,,
2295583,8879940,21356646,3,7,35448,0,800,1920,702,170,844,312,20164,0.013,,
2295584,8879940,21356646,3,7,35472,0,800,1920,516,142,657,283,19881,0.013,,
2295585,8879940,21356646,3,7,35496,0,800,1920,358,127,500,269,20164,0.013,,
2295586,8879940,21356646,3,7,35496,1,800,1920,437,169,535,267,9604,0.006,,
2295587,8879940,21356646,3,7,35688,0,800,1920,854,132,1206,484,123904,0.081,,
2295588,8879940,21356646,3,7,35712,0,800,1920,818,168,1170,520,123904,0.081,,
2295589,8879940,21356646,3,7,35736,0,800,1920,854,168,1206,520,123904,0.081,,
2295590,8879940,21356646,3,7,35760,0,800,1920,854,168,1206,520,123904,0.081,,
2295591,8879940,21356646,3,7,35784,0,800,1920,854,168,1206,520,123904,0.081,,
2295592,8879940,21356646,3,7,35808,0,800,1920,855,331,903,378,2256,0.001,,
2295593,8879940,21356646,3,7,35808,1,800,1920,1229,329,1268,369,1560,0.001,,
2295594,8879940,21356646,3,7,35808,2,800,1920,277,241,316,281,1560,0.001,,
2295595,8879940,21356646,3,7,35808,3,800,1920,727,305,784,362,3249,0.002,,
2295596,8879940,21356646,3,7,35808,4,800,1920,128,283,210,364,6642,0.004,,
2295597,8879940,21356646,3,7,35808,5,800,1920,389,283,458,351,4692,0.003,,
2295598,8879940,21356646,3,7,35808,6,800,1920,389,205,428,245,1560,0.001,,
2295599,8879940,21356646,3,7,35808,7,800,1920,841,281,880,321,1560,0.001,,
2295600,8879940,21356646,3,7,35832,0,800,1920,848,328,905,385,3249,0.002,,
2295601,8879940,21356646,3,7,35832,1,800,1920,273,237,312,277,1560,0.001,,
2295602,8879940,21356646,3,7,35832,2,800,1920,1233,329,1272,369,1560,0.001,,
2295603,8879940,21356646,3,7,35832,3,800,1920,119,274,201,356,6724,0.004,,
2295604,8879940,21356646,3,7,35832,4,800,1920,389,276,458,344,4692,0.003,,
2295605,8879940,21356646,3,7,35832,5,800,1920,389,205,428,245,1560,0.001,,
2295606,8879940,21356646,3,7,35832,6,800,1920,755,331,802,378,2209,0.001,,
2295607,8879940,21356646,3,7,35856,0,800,1920,728,276,796,344,4624,0.003,,
2295608,8879940,21356646,3,7,35856,1,800,1920,277,482,359,564,6724,0.004,,
2295609,8879940,21356646,3,7,35856,2,800,1920,1024,507,1123,606,9801,0.006,,
2295610,8879940,21356646,3,7,35856,3,800,1920,1330,258,1412,340,6724,0.004,,
2295611,8879940,21356646,3,7,35856,4,800,1920,462,129,509,177,2256,0.001,,
2295612,8879940,21356646,3,7,35856,5,800,1920,1061,305,1118,362,3249,0.002,,
2295613,8879940,21356646,3,7,35856,6,800,1920,1076,120,1124,167,2256,0.001,,
2295614,8879940,21356646,3,7,35856,7,800,1920,447,211,495,258,2256,0.001,,
2295615,8879940,21356646,3,7,35856,8,800,1920,1735,104,1792,161,3249,0.002,,
2295616,8879940,21356646,3,7,35856,9,800,1920,1184,193,1253,261,4692,0.003,,
2295617,8879940,21356646,3,7,35856,10,800,1920,1470,196,1527,253,3249,0.002,,
2295618,8879940,21356646,3,7,35856,11,800,1920,169,202,226,258,3192,0.002,,
2295619,8879940,21356646,3,7,35856,12,800,1920,1249,120,1296,167,2209,0.001,,
2295620,8879940,21356646,3,7,35856,13,800,1920,100,340,156,397,3192,0.002,,
2295621,8879940,21356646,3,7,35880,0,800,1920,1191,186,1259,254,4624,0.003,,
2295622,8879940,21356646,3,7,35880,1,800,1920,721,276,789,344,4624,0.003,,
2295623,8879940,21356646,3,7,35880,2,800,1920,1336,276,1405,344,4692,0.003,,
2295624,8879940,21356646,3,7,35880,3,800,1920,268,478,366,576,9604,0.006,,
2295625,8879940,21356646,3,7,35880,4,800,1920,1044,517,1143,616,9801,0.006,,
2295626,8879940,21356646,3,7,35880,5,800,1920,462,129,509,177,2256,0.001,,
2295627,8879940,21356646,3,7,35880,6,800,1920,1061,305,1118,362,3249,0.002,,
2295628,8879940,21356646,3,7,35880,7,800,1920,445,207,502,264,3249,0.002,,
2295629,8879940,21356646,3,7,35880,8,800,1920,1086,120,1133,167,2209,0.001,,
2295630,8879940,21356646,3,7,35880,9,800,1920,169,202,226,258,3192,0.002,,
2295631,8879940,21356646,3,7,35880,10,800,1920,1254,120,1301,167,2209,0.001,,
2295632,8879940,21356646,3,7,35880,11,800,1920,105,340,162,397,3249,0.002,,
2295633,8879940,21356646,3,7,35880,12,800,1920,1476,190,1533,247,3249,0.002,,
2295634,8879940,21356646,3,7,35904,0,800,1920,1205,109,1262,166,3249,0.002,,
2295635,8879940,21356646,3,7,35928,0,800,1920,1188,109,1245,166,3249,0.002,,
2295636,8879940,21356646,3,7,35952,0,800,1920,1177,109,1234,166,3249,0.002,,
2295637,8879940,21356646,3,7,36000,0,800,1920,119,424,201,505,6642,0.004,,
2295638,8879940,21356646,3,7,36000,1,800,1920,368,432,450,514,6724,0.004,,
2295639,8879940,21356646,3,7,36000,2,800,1920,1052,384,1100,431,2256,0.001,,
2295640,8879940,21356646,3,7,36024,0,800,1920,144,424,226,505,6642,0.004,,
2295641,8879940,21356646,3,7,36024,1,800,1920,396,435,465,503,4692,0.003,,
2295642,8879940,21356646,3,7,36024,2,800,1920,1047,384,1095,431,2256,0.001,,
2295643,8879940,21356646,3,7,36048,0,800,1920,136,407,218,489,6724,0.004,,
2295644,8879940,21356646,3,7,36048,1,800,1920,382,421,451,489,4692,0.003,,
2295645,8879940,21356646,3,7,36048,2,800,1920,1014,374,1061,421,2209,0.001,,
2295646,8879940,21356646,3,7,36048,3,800,1920,1064,159,1163,257,9702,0.006,,
2295647,8879940,21356646,3,7,36048,4,800,1920,135,326,183,373,2256,0.001,,
2295648,8879940,21356646,3,7,36048,5,800,1920,572,403,620,450,2256,0.001,,
2295649,8879940,21356646,3,7,36072,0,800,1920,355,414,423,482,4624,0.003,,
2295650,8879940,21356646,3,7,36072,1,800,1920,119,407,201,489,6724,0.004,,
2295651,8879940,21356646,3,7,36072,2,800,1920,83,316,130,364,2256,0.001,,
2295652,8879940,21356646,3,7,36072,3,800,1920,548,398,596,445,2256,0.001,,
2295653,8879940,21356646,3,7,36096,0,800,1920,141,241,180,281,1560,0.001,,
2295654,8879940,21356646,3,7,36144,0,800,1920,1217,138,1274,195,3249,0.002,,
2295655,8879940,21356646,3,7,36168,0,800,1920,1217,150,1274,207,3249,0.002,,
2295656,8879940,21356646,3,7,36192,0,800,1920,1012,169,1216,373,41616,0.027,,
2295657,8879940,21356646,3,7,36216,0,800,1920,1053,189,1257,393,41616,0.027,,
2295658,8879940,21356646,3,7,36240,0,800,1920,1182,167,1239,224,3249,0.002,,
2295659,8879940,21356646,3,7,36264,0,800,1920,1171,161,1228,218,3249,0.002,,
2295660,8879940,21356646,3,7,36288,0,800,1920,1053,148,1257,352,41616,0.027,,
2295661,8879940,21356646,3,7,36312,0,800,1920,882,39,1176,333,86436,0.056,,
2295662,8879940,21356646,3,7,36384,0,800,1920,569,132,921,484,123904,0.081,,
2295663,8879940,21356646,3,7,36408,0,800,1920,1548,586,1689,728,20022,0.013,,
2295664,8879940,21356646,3,7,36432,0,800,1920,475,189,679,393,41616,0.027,,
2295665,8879940,21356646,3,7,36456,0,800,1920,1004,135,1249,379,59780,0.039,,
2295666,8879940,21356646,3,7,36480,0,800,1920,1078,135,1323,379,59780,0.039,,
2295667,8879940,21356646,3,7,36504,0,800,1920,558,135,803,379,59780,0.039,,
2295668,8879940,21356646,3,7,36528,0,800,1920,496,99,789,392,85849,0.056,,
2295669,8879940,21356646,3,7,36552,0,800,1920,484,159,729,404,60025,0.039,,
2295670,8879940,21356646,3,7,36576,0,800,1920,1352,93,1522,263,28900,0.019,,
2295671,8879940,21356646,3,7,36576,1,800,1920,458,199,600,341,20164,0.013,,
2295672,8879940,21356646,3,7,36600,0,800,1920,458,199,600,341,20164,0.013,,
2295673,8879940,21356646,3,7,36624,0,800,1920,487,199,629,341,20164,0.013,,
2295674,8879940,21356646,3,7,36648,0,800,1920,487,199,629,341,20164,0.013,,
2295675,8879940,21356646,3,7,36672,0,800,1920,516,213,657,355,20022,0.013,,
2295676,8879940,21356646,3,7,36672,1,800,1920,1347,127,1489,269,20164,0.013,,
2295677,8879940,21356646,3,7,36696,0,800,1920,1275,142,1417,283,20022,0.013,,
2295678,8879940,21356646,3,7,36720,0,800,1920,620,127,824,331,41616,0.027,,
2295679,8879940,21356646,3,7,36744,0,800,1920,620,127,824,331,41616,0.027,,
2295680,8879940,21356646,3,7,36768,0,800,1920,558,135,803,379,59780,0.039,,
2295681,8879940,21356646,3,7,36792,0,800,1920,1029,110,1273,355,59780,0.039,,
2295682,8879940,21356646,3,7,36816,0,800,1920,1029,110,1273,355,59780,0.039,,
2295683,8879940,21356646,3,7,36840,0,800,1920,979,135,1224,379,59780,0.039,,
2295684,8879940,21356646,3,7,36864,0,800,1920,1054,184,1298,429,59780,0.039,,
2295685,8879940,21356646,3,7,36912,0,800,1920,1054,209,1298,454,59780,0.039,,
2295686,8879940,21356646,3,7,36936,0,800,1920,991,272,1195,476,41616,0.027,,
2295687,8879940,21356646,3,7,36960,0,800,1920,905,159,1150,404,60025,0.039,,
2295688,8879940,21356646,3,7,36984,0,800,1920,1029,110,1273,355,59780,0.039,,
2295689,8879940,21356646,3,7,37008,0,800,1920,1029,110,1273,355,59780,0.039,,
2295690,8879940,21356646,3,7,37032,0,800,1920,599,169,803,373,41616,0.027,,
2295691,8879940,21356646,3,7,37056,0,800,1920,599,148,803,352,41616,0.027,,
2295692,8879940,21356646,3,7,37080,0,800,1920,599,169,803,373,41616,0.027,,
2295693,8879940,21356646,3,7,37104,0,800,1920,1054,110,1298,355,59780,0.039,,
2295694,8879940,21356646,3,7,37128,0,800,1920,1054,110,1298,355,59780,0.039,,
2295695,8879940,21356646,3,7,37152,0,800,1920,1033,127,1236,331,41412,0.027,,
2295696,8879940,21356646,3,7,37176,0,800,1920,633,135,877,379,59536,0.039,,
2295697,8879940,21356646,3,7,37200,0,800,1920,633,159,877,404,59780,0.039,,
2295698,8879940,21356646,3,7,37224,0,800,1920,1029,135,1273,379,59536,0.039,,
2295699,8879940,21356646,3,7,37248,0,800,1920,1054,135,1298,379,59536,0.039,,
2295700,8879940,21356646,3,7,37272,0,800,1920,1029,135,1273,379,59536,0.039,,
2295701,8879940,21356646,3,7,37296,0,800,1920,1029,110,1273,355,59780,0.039,,
2295702,8879940,21356646,3,7,37320,0,800,1920,657,135,902,379,59780,0.039,,
2295703,8879940,21356646,3,7,37344,0,800,1920,657,159,902,404,60025,0.039,,
2295704,8879940,21356646,3,7,37368,0,800,1920,1275,127,1417,269,20164,0.013,,
2295705,8879940,21356646,3,7,37368,1,800,1920,372,228,514,369,20022,0.013,,
2295706,8879940,21356646,3,7,37392,0,800,1920,1318,127,1488,297,28900,0.019,,
2295707,8879940,21356646,3,7,37416,0,800,1920,1361,142,1503,283,20022,0.013,,
2295708,8879940,21356646,3,7,37440,0,800,1920,1352,110,1522,280,28900,0.019,,
2295709,8879940,21356646,3,7,37464,0,800,1920,1318,142,1460,283,20022,0.013,,
2295710,8879940,21356646,3,7,37488,0,800,1920,1304,156,1446,298,20164,0.013,,
2295711,8879940,21356646,3,7,37512,0,800,1920,1318,142,1460,283,20022,0.013,,
2295712,8879940,21356646,3,7,37536,0,800,1920,1347,142,1489,283,20022,0.013,,
2295713,8879940,21356646,3,7,37536,1,800,1920,344,251,462,369,13924,0.009,,
2295714,8879940,21356646,3,7,37560,0,800,1920,1078,135,1323,379,59780,0.039,,
2295715,8879940,21356646,3,7,37584,0,800,1920,1078,110,1323,355,60025,0.039,,
2295716,8879940,21356646,3,7,37608,0,800,1920,608,135,852,379,59536,0.039,,
2295717,8879940,21356646,3,7,37656,0,800,1920,558,159,803,404,60025,0.039,,
2295718,8879940,21356646,3,7,37680,0,800,1920,1074,127,1278,331,41616,0.027,,
2295719,8879940,21356646,3,7,37704,0,800,1920,1053,148,1257,352,41616,0.027,,
2295720,8879940,21356646,3,7,37728,0,800,1920,1361,127,1503,269,20164,0.013,,
2295721,8879940,21356646,3,7,37728,1,800,1920,415,213,557,355,20164,0.013,,
2295722,8879940,21356646,3,7,37752,0,800,1920,1361,127,1503,269,20164,0.013,,
2295723,8879940,21356646,3,7,37776,0,800,1920,1361,127,1503,269,20164,0.013,,
2295724,8879940,21356646,3,7,37800,0,800,1920,1352,110,1522,280,28900,0.019,,
2295725,8879940,21356646,3,7,37824,0,800,1920,1361,127,1503,269,20164,0.013,,
2295726,8879940,21356646,3,7,37824,1,800,1920,387,228,528,369,19881,0.013,,
2295727,8879940,21356646,3,7,37848,0,800,1920,1361,113,1503,255,20164,0.013,,
2295728,8879940,21356646,3,7,37872,0,800,1920,1404,185,1546,326,20022,0.013,,
2295729,8879940,21356646,3,7,37896,0,800,1920,1419,142,1560,283,19881,0.013,,
2295730,8879940,21356646,3,7,37920,0,800,1920,1419,142,1560,283,19881,0.013,,
2295731,8879940,21356646,3,7,37944,0,800,1920,1419,142,1560,283,19881,0.013,,
2295732,8879940,21356646,3,7,37944,1,800,1920,430,228,571,369,19881,0.013,,
2295733,8879940,21356646,3,7,37968,0,800,1920,1419,156,1560,298,20022,0.013,,
2295734,8879940,21356646,3,7,37968,1,800,1920,430,213,571,355,20022,0.013,,
2295735,8879940,21356646,3,7,37992,0,800,1920,1419,156,1560,298,20022,0.013,,
2295736,8879940,21356646,3,7,37992,1,800,1920,430,213,571,355,20022,0.013,,
2295737,8879940,21356646,3,7,38016,0,800,1920,1390,156,1532,298,20164,0.013,,
2295738,8879940,21356646,3,7,38112,0,800,1920,1376,156,1517,298,20022,0.013,,
2295739,8879940,21356646,3,7,38280,0,800,1920,852,255,921,323,4692,0.003,,
2295740,8879940,21356646,3,7,38304,0,800,1920,797,227,865,296,4692,0.003,,
2295741,8879940,21356646,3,7,38544,0,800,1920,1053,273,1092,313,1560,0.001,,
2295742,8879940,21356646,3,7,38568,0,800,1920,1049,273,1088,313,1560,0.001,,
2295743,8879940,21356646,3,7,40776,0,800,1920,1136,435,1204,503,4624,0.003,,
2295744,8879940,21356646,3,7,40776,1,800,1920,922,449,990,517,4624,0.003,,
2295745,8879940,21356646,3,7,40800,0,800,1920,1136,435,1204,503,4624,0.003,,
2295746,8879940,21356646,3,7,40800,1,800,1920,922,449,990,517,4624,0.003,,
